case:concept:name,Activities_Repeated,Total_Extra_Steps
declaration 33726,Declaration REJECTED by ADMINISTRATION | Declaration REJECTED by EMPLOYEE | Declaration SUBMITTED by EMPLOYEE | Permit APPROVED by ADMINISTRATION | Permit SUBMITTED by EMPLOYEE,12
declaration 27041,Declaration APPROVED by ADMINISTRATION | Declaration REJECTED by ADMINISTRATION | Declaration REJECTED by EMPLOYEE | Declaration SUBMITTED by EMPLOYEE,10
declaration 30193,Declaration REJECTED by ADMINISTRATION | Declaration REJECTED by EMPLOYEE | Declaration SUBMITTED by EMPLOYEE,10
declaration 18500,Declaration REJECTED by ADMINISTRATION | Declaration REJECTED by EMPLOYEE | Declaration SUBMITTED by EMPLOYEE,10
declaration 34821,Declaration REJECTED by ADMINISTRATION | Declaration REJECTED by EMPLOYEE | Declaration SUBMITTED by EMPLOYEE,10
declaration 35087,Declaration REJECTED by ADMINISTRATION | Declaration REJECTED by EMPLOYEE | Declaration SUBMITTED by EMPLOYEE,10
declaration 42176,Declaration APPROVED by ADMINISTRATION | Declaration REJECTED by ADMINISTRATION | Declaration REJECTED by EMPLOYEE | Declaration SUBMITTED by EMPLOYEE,10
declaration 42328,Declaration REJECTED by ADMINISTRATION | Declaration REJECTED by EMPLOYEE | Declaration SUBMITTED by EMPLOYEE,10
declaration 67830,Declaration REJECTED by ADMINISTRATION | Declaration REJECTED by EMPLOYEE | Declaration SUBMITTED by EMPLOYEE,10
declaration 60251,Declaration REJECTED by ADMINISTRATION | Declaration REJECTED by EMPLOYEE | Declaration SUBMITTED by EMPLOYEE,10
declaration 10961,Declaration APPROVED by ADMINISTRATION | Declaration REJECTED by ADMINISTRATION | Declaration REJECTED by EMPLOYEE | Declaration SUBMITTED by EMPLOYEE,10
declaration 16485,Declaration APPROVED by ADMINISTRATION | Declaration APPROVED by BUDGET OWNER | Declaration REJECTED by EMPLOYEE | Declaration SUBMITTED by EMPLOYEE | Permit APPROVED by ADMINISTRATION | Permit REJECTED by EMPLOYEE | Permit SUBMITTED by EMPLOYEE,9
declaration 63081,Declaration REJECTED by ADMINISTRATION | Declaration REJECTED by EMPLOYEE | Declaration SUBMITTED by EMPLOYEE | Permit APPROVED by ADMINISTRATION | Permit SUBMITTED by EMPLOYEE,9
declaration 6997,Declaration REJECTED by ADMINISTRATION | Declaration REJECTED by EMPLOYEE | Declaration SUBMITTED by EMPLOYEE | Permit APPROVED by ADMINISTRATION | Permit REJECTED by EMPLOYEE | Permit SUBMITTED by EMPLOYEE | Send Reminder,9
declaration 7022,Declaration REJECTED by ADMINISTRATION | Declaration REJECTED by EMPLOYEE | Declaration SUBMITTED by EMPLOYEE | Permit APPROVED by ADMINISTRATION | Permit REJECTED by EMPLOYEE | Permit SUBMITTED by EMPLOYEE | Send Reminder,9
declaration 8772,Permit APPROVED by ADMINISTRATION | Permit REJECTED by BUDGET OWNER | Permit REJECTED by EMPLOYEE | Permit SUBMITTED by EMPLOYEE | Send Reminder,9
declaration 4604,Declaration APPROVED by ADMINISTRATION | Declaration APPROVED by BUDGET OWNER | Declaration REJECTED by ADMINISTRATION | Declaration REJECTED by EMPLOYEE | Declaration SUBMITTED by EMPLOYEE,8
declaration 62468,Declaration APPROVED by ADMINISTRATION | Declaration REJECTED by EMPLOYEE | Declaration REJECTED by SUPERVISOR | Declaration SUBMITTED by EMPLOYEE,8
declaration 83912,Declaration APPROVED by PRE_APPROVER | Declaration FINAL_APPROVED by SUPERVISOR | Declaration REJECTED by MISSING | Declaration SUBMITTED by EMPLOYEE,8
declaration 71387,Declaration APPROVED by ADMINISTRATION | Declaration APPROVED by BUDGET OWNER | Declaration SUBMITTED by EMPLOYEE | Permit APPROVED by ADMINISTRATION | Permit APPROVED by BUDGET OWNER | Permit REJECTED by EMPLOYEE | Permit SUBMITTED by EMPLOYEE,8
declaration 54284,Declaration APPROVED by ADMINISTRATION | Declaration REJECTED by EMPLOYEE | Declaration REJECTED by SUPERVISOR | Declaration SUBMITTED by EMPLOYEE,8
declaration 18595,Permit APPROVED by ADMINISTRATION | Permit APPROVED by BUDGET OWNER | Permit REJECTED by ADMINISTRATION | Permit REJECTED by EMPLOYEE | Permit SUBMITTED by EMPLOYEE,8
declaration 44452,Declaration APPROVED by ADMINISTRATION | Declaration REJECTED by ADMINISTRATION | Declaration REJECTED by EMPLOYEE | Declaration SUBMITTED by EMPLOYEE,7
declaration 58965,Declaration REJECTED by ADMINISTRATION | Declaration REJECTED by EMPLOYEE | Declaration SUBMITTED by EMPLOYEE,7
declaration 70872,Declaration REJECTED by ADMINISTRATION | Declaration REJECTED by EMPLOYEE | Declaration SUBMITTED by EMPLOYEE,7
declaration 67238,Declaration APPROVED by ADMINISTRATION | Declaration REJECTED by ADMINISTRATION | Declaration REJECTED by EMPLOYEE | Declaration SUBMITTED by EMPLOYEE,7
declaration 43622,Declaration REJECTED by ADMINISTRATION | Declaration REJECTED by EMPLOYEE | Declaration SUBMITTED by EMPLOYEE,7
declaration 70965,Declaration REJECTED by ADMINISTRATION | Declaration REJECTED by EMPLOYEE | Declaration SUBMITTED by EMPLOYEE,7
declaration 4130,Declaration REJECTED by ADMINISTRATION | Declaration REJECTED by EMPLOYEE | Declaration SUBMITTED by EMPLOYEE,7
declaration 40000,Declaration REJECTED by ADMINISTRATION | Declaration REJECTED by EMPLOYEE | Declaration SUBMITTED by EMPLOYEE,7
declaration 32217,Declaration APPROVED by ADMINISTRATION | Declaration REJECTED by ADMINISTRATION | Declaration REJECTED by EMPLOYEE | Declaration SUBMITTED by EMPLOYEE,7
declaration 83656,Declaration APPROVED by PRE_APPROVER | Declaration FINAL_APPROVED by SUPERVISOR | Declaration REJECTED by MISSING | Declaration SUBMITTED by EMPLOYEE,7
declaration 29195,Declaration REJECTED by ADMINISTRATION | Declaration REJECTED by EMPLOYEE | Declaration SUBMITTED by EMPLOYEE,7
declaration 20053,Declaration REJECTED by ADMINISTRATION | Declaration REJECTED by EMPLOYEE | Declaration SUBMITTED by EMPLOYEE | Permit APPROVED by ADMINISTRATION | Permit APPROVED by BUDGET OWNER | Permit SUBMITTED by EMPLOYEE,7
declaration 145437,Declaration REJECTED by ADMINISTRATION | Declaration REJECTED by EMPLOYEE | Declaration SUBMITTED by EMPLOYEE,7
declaration 57080,Declaration REJECTED by ADMINISTRATION | Declaration REJECTED by EMPLOYEE | Declaration SUBMITTED by EMPLOYEE,7
declaration 20507,Declaration APPROVED by ADMINISTRATION | Declaration REJECTED by ADMINISTRATION | Declaration REJECTED by EMPLOYEE | Declaration SUBMITTED by EMPLOYEE,7
declaration 1446,Declaration REJECTED by ADMINISTRATION | Declaration REJECTED by EMPLOYEE | Declaration SUBMITTED by EMPLOYEE | Permit APPROVED by ADMINISTRATION | Permit APPROVED by BUDGET OWNER | Permit SUBMITTED by EMPLOYEE,7
declaration 49141,Declaration REJECTED by ADMINISTRATION | Declaration REJECTED by EMPLOYEE | Declaration SUBMITTED by EMPLOYEE | Permit APPROVED by ADMINISTRATION | Permit APPROVED by BUDGET OWNER | Permit SUBMITTED by EMPLOYEE,7
declaration 56837,Declaration REJECTED by ADMINISTRATION | Declaration REJECTED by EMPLOYEE | Declaration SUBMITTED by EMPLOYEE,7
declaration 56215,Declaration REJECTED by ADMINISTRATION | Declaration REJECTED by EMPLOYEE | Declaration SUBMITTED by EMPLOYEE,7
declaration 9482,Declaration REJECTED by ADMINISTRATION | Declaration REJECTED by EMPLOYEE | Declaration SUBMITTED by EMPLOYEE,7
declaration 64844,Declaration REJECTED by ADMINISTRATION | Declaration REJECTED by EMPLOYEE | Declaration SUBMITTED by EMPLOYEE,7
declaration 53567,Declaration APPROVED by ADMINISTRATION | Declaration APPROVED by BUDGET OWNER | Declaration SUBMITTED by EMPLOYEE | Permit REJECTED by ADMINISTRATION | Permit REJECTED by EMPLOYEE | Permit SUBMITTED by EMPLOYEE,7
declaration 23578,Declaration APPROVED by ADMINISTRATION | Declaration REJECTED by ADMINISTRATION | Declaration REJECTED by EMPLOYEE | Declaration SUBMITTED by EMPLOYEE,7
declaration 10797,Declaration REJECTED by ADMINISTRATION | Declaration REJECTED by EMPLOYEE | Declaration SUBMITTED by EMPLOYEE,7
declaration 63557,Declaration REJECTED by ADMINISTRATION | Declaration REJECTED by EMPLOYEE | Declaration SUBMITTED by EMPLOYEE,7
declaration 51709,Declaration REJECTED by ADMINISTRATION | Declaration REJECTED by EMPLOYEE | Declaration SUBMITTED by EMPLOYEE,7
declaration 45441,Declaration APPROVED by ADMINISTRATION | Declaration SUBMITTED by EMPLOYEE | Permit APPROVED by ADMINISTRATION | Permit APPROVED by BUDGET OWNER | Permit REJECTED by EMPLOYEE | Permit SUBMITTED by EMPLOYEE,7
declaration 147452,Declaration REJECTED by ADMINISTRATION | Declaration REJECTED by EMPLOYEE | Declaration SUBMITTED by EMPLOYEE,7
declaration 62087,Declaration REJECTED by ADMINISTRATION | Declaration REJECTED by EMPLOYEE | Declaration SUBMITTED by EMPLOYEE | Permit APPROVED by ADMINISTRATION | Permit SUBMITTED by EMPLOYEE,6
declaration 12830,Declaration REJECTED by ADMINISTRATION | Declaration REJECTED by EMPLOYEE | Declaration SUBMITTED by EMPLOYEE,6
declaration 39736,Declaration REJECTED by ADMINISTRATION | Declaration REJECTED by EMPLOYEE | Declaration SUBMITTED by EMPLOYEE | Permit APPROVED by ADMINISTRATION | Permit SUBMITTED by EMPLOYEE,6
declaration 17706,Declaration REJECTED by ADMINISTRATION | Declaration REJECTED by EMPLOYEE | Declaration SUBMITTED by EMPLOYEE,6
declaration 29482,Declaration REJECTED by ADMINISTRATION | Declaration REJECTED by EMPLOYEE | Declaration SUBMITTED by EMPLOYEE | Permit APPROVED by ADMINISTRATION | Permit SUBMITTED by EMPLOYEE,6
declaration 18618,Declaration SUBMITTED by EMPLOYEE | Permit APPROVED by ADMINISTRATION | Permit APPROVED by BUDGET OWNER | Permit REJECTED by EMPLOYEE | Permit SUBMITTED by EMPLOYEE,6
declaration 63785,Permit APPROVED by ADMINISTRATION | Permit APPROVED by BUDGET OWNER | Permit APPROVED by SUPERVISOR | Permit REJECTED by EMPLOYEE | Permit SUBMITTED by EMPLOYEE,6
declaration 15189,Declaration REJECTED by ADMINISTRATION | Declaration REJECTED by EMPLOYEE | Declaration SUBMITTED by EMPLOYEE,6
declaration 75028,Declaration APPROVED by PRE_APPROVER | Declaration APPROVED by SUPERVISOR | Declaration REJECTED by EMPLOYEE | Declaration SUBMITTED by EMPLOYEE,6
declaration 65388,Declaration APPROVED by ADMINISTRATION | Declaration APPROVED by BUDGET OWNER | Declaration REJECTED by EMPLOYEE | Declaration SUBMITTED by EMPLOYEE | Permit SUBMITTED by EMPLOYEE,6
declaration 45035,Permit APPROVED by ADMINISTRATION | Permit REJECTED by BUDGET OWNER | Permit REJECTED by EMPLOYEE | Permit SUBMITTED by EMPLOYEE,6
declaration 2465,Declaration REJECTED by ADMINISTRATION | Declaration REJECTED by EMPLOYEE | Declaration SUBMITTED by EMPLOYEE,6
declaration 27582,Declaration REJECTED by ADMINISTRATION | Declaration REJECTED by EMPLOYEE | Declaration SUBMITTED by EMPLOYEE | Send Reminder,5
declaration 85592,Declaration FINAL_APPROVED by SUPERVISOR | Declaration REJECTED by MISSING | Declaration SUBMITTED by EMPLOYEE,5
declaration 84067,Permit FINAL_APPROVED by SUPERVISOR | Permit REJECTED by MISSING | Permit SUBMITTED by EMPLOYEE,5
declaration 83747,Declaration APPROVED by PRE_APPROVER | Declaration REJECTED by EMPLOYEE | Declaration SUBMITTED by EMPLOYEE | Permit SUBMITTED by EMPLOYEE,5
declaration 83197,Declaration APPROVED by PRE_APPROVER | Declaration FINAL_APPROVED by SUPERVISOR | Declaration SUBMITTED by EMPLOYEE,5
declaration 143644,Declaration FINAL_APPROVED by SUPERVISOR | Declaration REJECTED by MISSING | Declaration SUBMITTED by EMPLOYEE,5
declaration 45743,Declaration REJECTED by ADMINISTRATION | Declaration REJECTED by EMPLOYEE | Declaration SUBMITTED by EMPLOYEE,5
declaration 19108,Declaration SUBMITTED by EMPLOYEE | Permit APPROVED by ADMINISTRATION | Permit REJECTED by EMPLOYEE | Permit SUBMITTED by EMPLOYEE,5
declaration 19086,Declaration SUBMITTED by EMPLOYEE | Permit APPROVED by ADMINISTRATION | Permit REJECTED by EMPLOYEE | Permit SUBMITTED by EMPLOYEE,5
declaration 74038,Declaration APPROVED by SUPERVISOR | Declaration FINAL_APPROVED by DIRECTOR | Declaration SUBMITTED by EMPLOYEE,5
declaration 25532,Declaration REJECTED by ADMINISTRATION | Declaration REJECTED by EMPLOYEE | Declaration SUBMITTED by EMPLOYEE,5
declaration 81449,Declaration FINAL_APPROVED by SUPERVISOR | Declaration REJECTED by MISSING | Declaration SUBMITTED by EMPLOYEE,5
declaration 70264,Declaration REJECTED by ADMINISTRATION | Declaration REJECTED by EMPLOYEE | Declaration SUBMITTED by EMPLOYEE,4
declaration 70246,Declaration REJECTED by ADMINISTRATION | Declaration REJECTED by EMPLOYEE | Declaration SUBMITTED by EMPLOYEE,4
declaration 69672,Declaration REJECTED by ADMINISTRATION | Declaration REJECTED by EMPLOYEE | Declaration SUBMITTED by EMPLOYEE,4
declaration 69414,Declaration REJECTED by ADMINISTRATION | Declaration REJECTED by EMPLOYEE | Declaration SUBMITTED by EMPLOYEE,4
declaration 69361,Declaration REJECTED by ADMINISTRATION | Declaration REJECTED by EMPLOYEE | Declaration SUBMITTED by EMPLOYEE,4
declaration 6884,Declaration REJECTED by ADMINISTRATION | Declaration SUBMITTED by EMPLOYEE,4
declaration 68805,Declaration APPROVED by ADMINISTRATION | Declaration REJECTED by EMPLOYEE | Declaration SUBMITTED by EMPLOYEE,4
declaration 68589,Declaration REJECTED by ADMINISTRATION | Declaration REJECTED by EMPLOYEE | Declaration SUBMITTED by EMPLOYEE,4
declaration 14048,Declaration REJECTED by ADMINISTRATION | Declaration REJECTED by EMPLOYEE | Declaration SUBMITTED by EMPLOYEE,4
declaration 68116,Declaration REJECTED by ADMINISTRATION | Declaration REJECTED by EMPLOYEE | Declaration SUBMITTED by EMPLOYEE,4
declaration 68048,Declaration REJECTED by ADMINISTRATION | Declaration REJECTED by EMPLOYEE | Declaration SUBMITTED by EMPLOYEE,4
declaration 67928,Declaration REJECTED by ADMINISTRATION | Declaration REJECTED by EMPLOYEE | Declaration SUBMITTED by EMPLOYEE,4
declaration 6774,Declaration REJECTED by ADMINISTRATION | Declaration REJECTED by EMPLOYEE | Declaration SUBMITTED by EMPLOYEE,4
declaration 67686,Declaration APPROVED by ADMINISTRATION | Declaration REJECTED by EMPLOYEE | Declaration SUBMITTED by EMPLOYEE,4
declaration 67499,Declaration APPROVED by ADMINISTRATION | Declaration REJECTED by EMPLOYEE | Declaration SUBMITTED by EMPLOYEE,4
declaration 6733,Declaration REJECTED by ADMINISTRATION | Declaration REJECTED by EMPLOYEE | Declaration SUBMITTED by EMPLOYEE,4
declaration 67085,Declaration REJECTED by ADMINISTRATION | Declaration REJECTED by EMPLOYEE | Declaration SUBMITTED by EMPLOYEE,4
declaration 66217,Declaration REJECTED by ADMINISTRATION | Declaration REJECTED by EMPLOYEE | Declaration SUBMITTED by EMPLOYEE,4
declaration 65572,Declaration REJECTED by ADMINISTRATION | Declaration REJECTED by EMPLOYEE | Declaration SUBMITTED by EMPLOYEE,4
declaration 65420,Declaration REJECTED by ADMINISTRATION | Declaration REJECTED by EMPLOYEE | Declaration SUBMITTED by EMPLOYEE,4
declaration 144523,Declaration APPROVED by PRE_APPROVER | Declaration FINAL_APPROVED by SUPERVISOR | Declaration SUBMITTED by EMPLOYEE,4
declaration 143585,Declaration REJECTED by EMPLOYEE | Declaration REJECTED by SUPERVISOR | Declaration SUBMITTED by EMPLOYEE,4
declaration 65171,Declaration REJECTED by ADMINISTRATION | Declaration REJECTED by EMPLOYEE | Declaration SUBMITTED by EMPLOYEE,4
declaration 65083,Declaration REJECTED by ADMINISTRATION | Declaration REJECTED by EMPLOYEE | Declaration SUBMITTED by EMPLOYEE,4
declaration 64236,Declaration REJECTED by ADMINISTRATION | Declaration REJECTED by EMPLOYEE | Declaration SUBMITTED by EMPLOYEE,4
declaration 63429,Declaration REJECTED by ADMINISTRATION | Declaration REJECTED by EMPLOYEE | Declaration SUBMITTED by EMPLOYEE,4
declaration 62265,Declaration REJECTED by ADMINISTRATION | Declaration REJECTED by EMPLOYEE | Declaration SUBMITTED by EMPLOYEE,4
declaration 62122,Declaration REJECTED by ADMINISTRATION | Declaration REJECTED by EMPLOYEE | Declaration SUBMITTED by EMPLOYEE,4
declaration 61392,Declaration REJECTED by ADMINISTRATION | Declaration REJECTED by EMPLOYEE | Declaration SUBMITTED by EMPLOYEE,4
declaration 61004,Declaration REJECTED by ADMINISTRATION | Declaration REJECTED by EMPLOYEE | Declaration SUBMITTED by EMPLOYEE,4
declaration 60767,Declaration REJECTED by ADMINISTRATION | Declaration REJECTED by EMPLOYEE | Declaration SUBMITTED by EMPLOYEE,4
declaration 6057,Declaration APPROVED by ADMINISTRATION | Declaration REJECTED by EMPLOYEE | Declaration SUBMITTED by EMPLOYEE,4
declaration 60426,Declaration APPROVED by ADMINISTRATION | Declaration REJECTED by EMPLOYEE | Declaration SUBMITTED by EMPLOYEE,4
declaration 59899,Declaration REJECTED by ADMINISTRATION | Declaration REJECTED by EMPLOYEE | Declaration SUBMITTED by EMPLOYEE,4
declaration 59353,Declaration REJECTED by ADMINISTRATION | Declaration REJECTED by EMPLOYEE | Declaration SUBMITTED by EMPLOYEE,4
declaration 5855,Declaration REJECTED by ADMINISTRATION | Declaration REJECTED by EMPLOYEE | Declaration SUBMITTED by EMPLOYEE,4
declaration 58278,Declaration REJECTED by ADMINISTRATION | Declaration REJECTED by EMPLOYEE | Declaration SUBMITTED by EMPLOYEE,4
declaration 58218,Declaration REJECTED by ADMINISTRATION | Declaration REJECTED by EMPLOYEE | Declaration SUBMITTED by EMPLOYEE,4
declaration 58099,Declaration REJECTED by ADMINISTRATION | Declaration REJECTED by EMPLOYEE | Declaration SUBMITTED by EMPLOYEE,4
declaration 57979,Declaration APPROVED by ADMINISTRATION | Declaration REJECTED by EMPLOYEE | Declaration SUBMITTED by EMPLOYEE,4
declaration 57515,Declaration REJECTED by ADMINISTRATION | Declaration REJECTED by EMPLOYEE | Declaration SUBMITTED by EMPLOYEE,4
declaration 14610,Declaration REJECTED by ADMINISTRATION | Declaration REJECTED by EMPLOYEE | Declaration SUBMITTED by EMPLOYEE,4
declaration 145828,Declaration REJECTED by ADMINISTRATION | Declaration REJECTED by EMPLOYEE | Declaration SUBMITTED by EMPLOYEE,4
declaration 14582,Declaration REJECTED by ADMINISTRATION | Declaration REJECTED by EMPLOYEE | Declaration SUBMITTED by EMPLOYEE,4
declaration 57024,Declaration REJECTED by ADMINISTRATION | Declaration REJECTED by EMPLOYEE | Declaration SUBMITTED by EMPLOYEE,4
declaration 56197,Declaration REJECTED by ADMINISTRATION | Declaration REJECTED by EMPLOYEE | Declaration SUBMITTED by EMPLOYEE,4
declaration 55836,Declaration REJECTED by ADMINISTRATION | Declaration REJECTED by EMPLOYEE | Declaration SUBMITTED by EMPLOYEE,4
declaration 55214,Declaration APPROVED by ADMINISTRATION | Declaration REJECTED by EMPLOYEE | Declaration SUBMITTED by EMPLOYEE,4
declaration 54789,Declaration APPROVED by ADMINISTRATION | Declaration REJECTED by EMPLOYEE | Declaration SUBMITTED by EMPLOYEE,4
declaration 54548,Declaration REJECTED by ADMINISTRATION | Declaration REJECTED by EMPLOYEE | Declaration SUBMITTED by EMPLOYEE,4
declaration 53503,Declaration REJECTED by ADMINISTRATION | Declaration REJECTED by EMPLOYEE | Declaration SUBMITTED by EMPLOYEE,4
declaration 53252,Declaration REJECTED by ADMINISTRATION | Declaration REJECTED by EMPLOYEE | Declaration SUBMITTED by EMPLOYEE,4
declaration 52803,Declaration REJECTED by ADMINISTRATION | Declaration REJECTED by EMPLOYEE | Declaration SUBMITTED by EMPLOYEE,4
declaration 52580,Declaration REJECTED by ADMINISTRATION | Declaration REJECTED by EMPLOYEE | Declaration SUBMITTED by EMPLOYEE,4
declaration 14684,Declaration REJECTED by ADMINISTRATION | Declaration REJECTED by EMPLOYEE | Declaration SUBMITTED by EMPLOYEE,4
declaration 51836,Declaration REJECTED by ADMINISTRATION | Declaration REJECTED by EMPLOYEE | Declaration SUBMITTED by EMPLOYEE,4
declaration 51178,Declaration REJECTED by ADMINISTRATION | Declaration REJECTED by EMPLOYEE | Declaration SUBMITTED by EMPLOYEE,4
declaration 50400,Declaration REJECTED by ADMINISTRATION | Declaration REJECTED by EMPLOYEE | Declaration SUBMITTED by EMPLOYEE,4
declaration 50234,Declaration REJECTED by ADMINISTRATION | Declaration REJECTED by EMPLOYEE | Declaration SUBMITTED by EMPLOYEE,4
declaration 49011,Declaration APPROVED by ADMINISTRATION | Declaration REJECTED by EMPLOYEE | Declaration SUBMITTED by EMPLOYEE,4
declaration 4831,Declaration REJECTED by ADMINISTRATION | Declaration REJECTED by EMPLOYEE | Declaration SUBMITTED by EMPLOYEE,4
declaration 46889,Declaration REJECTED by ADMINISTRATION | Declaration REJECTED by EMPLOYEE | Declaration SUBMITTED by EMPLOYEE,4
declaration 46466,Declaration REJECTED by ADMINISTRATION | Declaration REJECTED by EMPLOYEE | Declaration SUBMITTED by EMPLOYEE,4
declaration 46291,Declaration REJECTED by ADMINISTRATION | Declaration REJECTED by EMPLOYEE | Declaration SUBMITTED by EMPLOYEE,4
declaration 46273,Declaration REJECTED by ADMINISTRATION | Declaration REJECTED by EMPLOYEE | Declaration SUBMITTED by EMPLOYEE,4
declaration 46170,Declaration REJECTED by ADMINISTRATION | Declaration REJECTED by EMPLOYEE | Declaration SUBMITTED by EMPLOYEE,4
declaration 46127,Declaration APPROVED by ADMINISTRATION | Declaration REJECTED by EMPLOYEE | Declaration SUBMITTED by EMPLOYEE,4
declaration 46044,Declaration REJECTED by ADMINISTRATION | Declaration REJECTED by EMPLOYEE | Declaration SUBMITTED by EMPLOYEE,4
declaration 147340,Declaration APPROVED by ADMINISTRATION | Declaration REJECTED by EMPLOYEE | Declaration SUBMITTED by EMPLOYEE,4
declaration 147274,Declaration REJECTED by ADMINISTRATION | Declaration REJECTED by EMPLOYEE | Declaration SUBMITTED by EMPLOYEE,4
declaration 147250,Declaration REJECTED by ADMINISTRATION | Declaration REJECTED by EMPLOYEE | Declaration SUBMITTED by EMPLOYEE,4
declaration 147039,Declaration REJECTED by ADMINISTRATION | Declaration REJECTED by EMPLOYEE | Declaration SUBMITTED by EMPLOYEE,4
declaration 45768,Declaration REJECTED by ADMINISTRATION | Declaration REJECTED by EMPLOYEE | Declaration SUBMITTED by EMPLOYEE,4
declaration 10522,Declaration REJECTED by ADMINISTRATION | Declaration REJECTED by EMPLOYEE | Declaration SUBMITTED by EMPLOYEE,4
declaration 45712,Declaration REJECTED by ADMINISTRATION | Declaration REJECTED by EMPLOYEE | Declaration SUBMITTED by EMPLOYEE,4
declaration 1137,Declaration REJECTED by ADMINISTRATION | Declaration REJECTED by EMPLOYEE | Declaration SUBMITTED by EMPLOYEE,4
declaration 45355,Declaration REJECTED by ADMINISTRATION | Declaration REJECTED by EMPLOYEE | Declaration SUBMITTED by EMPLOYEE,4
declaration 45310,Declaration REJECTED by ADMINISTRATION | Declaration REJECTED by EMPLOYEE | Declaration SUBMITTED by EMPLOYEE,4
declaration 11114,Declaration REJECTED by ADMINISTRATION | Declaration REJECTED by EMPLOYEE | Declaration SUBMITTED by EMPLOYEE,4
declaration 44774,Declaration REJECTED by ADMINISTRATION | Declaration REJECTED by EMPLOYEE | Declaration SUBMITTED by EMPLOYEE,4
declaration 44585,Declaration REJECTED by ADMINISTRATION | Declaration REJECTED by EMPLOYEE | Declaration SUBMITTED by EMPLOYEE,4
declaration 15232,Declaration REJECTED by ADMINISTRATION | Declaration REJECTED by EMPLOYEE | Declaration SUBMITTED by EMPLOYEE,4
declaration 11025,Declaration REJECTED by ADMINISTRATION | Declaration REJECTED by EMPLOYEE | Declaration SUBMITTED by EMPLOYEE,4
declaration 14881,Declaration REJECTED by ADMINISTRATION | Declaration REJECTED by EMPLOYEE | Declaration SUBMITTED by EMPLOYEE,4
declaration 84898,Declaration APPROVED by PRE_APPROVER | Declaration FINAL_APPROVED by SUPERVISOR | Declaration SUBMITTED by EMPLOYEE,4
declaration 84180,Declaration APPROVED by PRE_APPROVER | Declaration FINAL_APPROVED by SUPERVISOR | Declaration SUBMITTED by EMPLOYEE,4
declaration 44436,Declaration REJECTED by ADMINISTRATION | Declaration REJECTED by EMPLOYEE | Declaration SUBMITTED by EMPLOYEE,4
declaration 44359,Declaration REJECTED by ADMINISTRATION | Declaration REJECTED by EMPLOYEE | Declaration SUBMITTED by EMPLOYEE,4
declaration 43989,Declaration REJECTED by ADMINISTRATION | Declaration REJECTED by EMPLOYEE | Declaration SUBMITTED by EMPLOYEE,4
declaration 23007,Declaration APPROVED by ADMINISTRATION | Declaration REJECTED by EMPLOYEE | Declaration SUBMITTED by EMPLOYEE,4
declaration 43160,Declaration REJECTED by ADMINISTRATION | Declaration REJECTED by EMPLOYEE | Declaration SUBMITTED by EMPLOYEE,4
declaration 43091,Declaration REJECTED by ADMINISTRATION | Declaration REJECTED by EMPLOYEE | Declaration SUBMITTED by EMPLOYEE,4
declaration 42977,Declaration APPROVED by ADMINISTRATION | Declaration REJECTED by EMPLOYEE | Declaration SUBMITTED by EMPLOYEE,4
declaration 42498,Declaration REJECTED by ADMINISTRATION | Declaration REJECTED by EMPLOYEE | Declaration SUBMITTED by EMPLOYEE,4
declaration 42271,Declaration REJECTED by ADMINISTRATION | Declaration REJECTED by EMPLOYEE | Declaration SUBMITTED by EMPLOYEE,4
declaration 41772,Declaration REJECTED by ADMINISTRATION | Declaration REJECTED by EMPLOYEE | Declaration SUBMITTED by EMPLOYEE,4
declaration 41628,Declaration REJECTED by ADMINISTRATION | Declaration REJECTED by EMPLOYEE | Declaration SUBMITTED by EMPLOYEE,4
declaration 41569,Declaration REJECTED by ADMINISTRATION | Declaration REJECTED by EMPLOYEE | Declaration SUBMITTED by EMPLOYEE,4
declaration 41412,Declaration REJECTED by ADMINISTRATION | Declaration REJECTED by EMPLOYEE | Declaration SUBMITTED by EMPLOYEE,4
declaration 15856,Declaration REJECTED by ADMINISTRATION | Declaration REJECTED by EMPLOYEE | Declaration SUBMITTED by EMPLOYEE,4
declaration 1574,Declaration REJECTED by ADMINISTRATION | Declaration REJECTED by EMPLOYEE | Declaration SUBMITTED by EMPLOYEE,4
declaration 15548,Declaration REJECTED by ADMINISTRATION | Declaration REJECTED by EMPLOYEE | Declaration SUBMITTED by EMPLOYEE,4
declaration 15287,Declaration REJECTED by ADMINISTRATION | Declaration REJECTED by EMPLOYEE | Declaration SUBMITTED by EMPLOYEE,4
declaration 22971,Declaration SUBMITTED by EMPLOYEE | Permit APPROVED by ADMINISTRATION | Permit APPROVED by BUDGET OWNER | Permit SUBMITTED by EMPLOYEE,4
declaration 40345,Declaration REJECTED by ADMINISTRATION | Declaration REJECTED by EMPLOYEE | Declaration SUBMITTED by EMPLOYEE,4
declaration 40323,Declaration APPROVED by ADMINISTRATION | Declaration REJECTED by EMPLOYEE | Declaration SUBMITTED by EMPLOYEE,4
declaration 40203,Declaration REJECTED by ADMINISTRATION | Declaration REJECTED by EMPLOYEE | Declaration SUBMITTED by EMPLOYEE,4
declaration 40162,Declaration REJECTED by ADMINISTRATION | Declaration REJECTED by EMPLOYEE | Declaration SUBMITTED by EMPLOYEE,4
declaration 40084,Declaration REJECTED by ADMINISTRATION | Declaration REJECTED by EMPLOYEE | Declaration SUBMITTED by EMPLOYEE,4
declaration 20776,Declaration APPROVED by ADMINISTRATION | Declaration REJECTED by EMPLOYEE | Declaration SUBMITTED by EMPLOYEE,4
declaration 39839,Declaration APPROVED by ADMINISTRATION | Declaration REJECTED by EMPLOYEE | Declaration SUBMITTED by EMPLOYEE,4
declaration 16799,Declaration REJECTED by ADMINISTRATION | Declaration REJECTED by EMPLOYEE | Declaration SUBMITTED by EMPLOYEE,4
declaration 16677,Declaration REJECTED by ADMINISTRATION | Declaration REJECTED by EMPLOYEE | Declaration SUBMITTED by EMPLOYEE,4
declaration 16230,Declaration REJECTED by ADMINISTRATION | Declaration REJECTED by EMPLOYEE | Declaration SUBMITTED by EMPLOYEE,4
declaration 86257,Declaration REJECTED by ADMINISTRATION | Declaration REJECTED by EMPLOYEE | Declaration SUBMITTED by EMPLOYEE,4
declaration 39681,Declaration APPROVED by ADMINISTRATION | Declaration REJECTED by EMPLOYEE | Declaration SUBMITTED by EMPLOYEE,4
declaration 39525,Declaration REJECTED by ADMINISTRATION | Declaration REJECTED by EMPLOYEE | Declaration SUBMITTED by EMPLOYEE,4
declaration 39271,Declaration REJECTED by ADMINISTRATION | Declaration REJECTED by EMPLOYEE | Declaration SUBMITTED by EMPLOYEE,4
declaration 39214,Declaration REJECTED by ADMINISTRATION | Declaration REJECTED by EMPLOYEE | Declaration SUBMITTED by EMPLOYEE,4
declaration 38979,Declaration REJECTED by ADMINISTRATION | Declaration REJECTED by EMPLOYEE | Declaration SUBMITTED by EMPLOYEE,4
declaration 38386,Declaration REJECTED by ADMINISTRATION | Declaration REJECTED by EMPLOYEE | Declaration SUBMITTED by EMPLOYEE,4
declaration 38090,Declaration REJECTED by ADMINISTRATION | Declaration REJECTED by EMPLOYEE | Declaration SUBMITTED by EMPLOYEE,4
declaration 37940,Declaration REJECTED by ADMINISTRATION | Declaration REJECTED by EMPLOYEE | Declaration SUBMITTED by EMPLOYEE,4
declaration 36970,Declaration REJECTED by ADMINISTRATION | Declaration REJECTED by EMPLOYEE | Declaration SUBMITTED by EMPLOYEE,4
declaration 36151,Declaration REJECTED by ADMINISTRATION | Declaration REJECTED by EMPLOYEE | Declaration SUBMITTED by EMPLOYEE,4
declaration 35871,Declaration REJECTED by ADMINISTRATION | Declaration REJECTED by EMPLOYEE | Declaration SUBMITTED by EMPLOYEE,4
declaration 22374,Declaration REJECTED by ADMINISTRATION | Declaration REJECTED by EMPLOYEE | Declaration SUBMITTED by EMPLOYEE,4
declaration 17439,Declaration REJECTED by ADMINISTRATION | Declaration REJECTED by EMPLOYEE | Declaration SUBMITTED by EMPLOYEE,4
declaration 17123,Declaration APPROVED by ADMINISTRATION | Declaration REJECTED by EMPLOYEE | Declaration SUBMITTED by EMPLOYEE,4
declaration 17104,Declaration REJECTED by ADMINISTRATION | Declaration REJECTED by EMPLOYEE | Declaration SUBMITTED by EMPLOYEE,4
declaration 35051,Declaration REJECTED by ADMINISTRATION | Declaration REJECTED by EMPLOYEE | Declaration SUBMITTED by EMPLOYEE,4
declaration 34969,Declaration REJECTED by ADMINISTRATION | Declaration REJECTED by EMPLOYEE | Declaration SUBMITTED by EMPLOYEE,4
declaration 34797,Declaration REJECTED by ADMINISTRATION | Declaration REJECTED by EMPLOYEE | Declaration SUBMITTED by EMPLOYEE,4
declaration 34486,Declaration SUBMITTED by EMPLOYEE | Permit APPROVED by ADMINISTRATION | Permit APPROVED by BUDGET OWNER | Permit SUBMITTED by EMPLOYEE,4
declaration 34124,Declaration REJECTED by ADMINISTRATION | Declaration REJECTED by EMPLOYEE | Declaration SUBMITTED by EMPLOYEE,4
declaration 33655,Declaration REJECTED by ADMINISTRATION | Declaration REJECTED by EMPLOYEE | Declaration SUBMITTED by EMPLOYEE,4
declaration 33262,Declaration APPROVED by ADMINISTRATION | Declaration REJECTED by EMPLOYEE | Declaration SUBMITTED by EMPLOYEE,4
declaration 32655,Declaration REJECTED by ADMINISTRATION | Declaration REJECTED by EMPLOYEE | Declaration SUBMITTED by EMPLOYEE,4
declaration 32444,Declaration REJECTED by ADMINISTRATION | Declaration REJECTED by EMPLOYEE | Declaration SUBMITTED by EMPLOYEE,4
declaration 22002,Declaration APPROVED by ADMINISTRATION | Declaration REJECTED by EMPLOYEE | Declaration SUBMITTED by EMPLOYEE,4
declaration 18149,Declaration REJECTED by ADMINISTRATION | Declaration REJECTED by EMPLOYEE | Declaration SUBMITTED by EMPLOYEE,4
declaration 17937,Declaration REJECTED by ADMINISTRATION | Declaration REJECTED by EMPLOYEE | Declaration SUBMITTED by EMPLOYEE,4
declaration 31775,Declaration REJECTED by ADMINISTRATION | Declaration REJECTED by EMPLOYEE | Declaration SUBMITTED by EMPLOYEE,4
declaration 31756,Declaration REJECTED by ADMINISTRATION | Declaration REJECTED by EMPLOYEE | Declaration SUBMITTED by EMPLOYEE,4
declaration 31614,Declaration APPROVED by ADMINISTRATION | Declaration REJECTED by EMPLOYEE | Declaration SUBMITTED by EMPLOYEE,4
declaration 31479,Declaration REJECTED by ADMINISTRATION | Declaration REJECTED by EMPLOYEE | Declaration SUBMITTED by EMPLOYEE,4
declaration 31099,Declaration REJECTED by ADMINISTRATION | Declaration REJECTED by EMPLOYEE | Declaration SUBMITTED by EMPLOYEE,4
declaration 30656,Declaration REJECTED by ADMINISTRATION | Declaration REJECTED by EMPLOYEE | Declaration SUBMITTED by EMPLOYEE,4
declaration 30574,Declaration REJECTED by ADMINISTRATION | Declaration REJECTED by EMPLOYEE | Declaration SUBMITTED by EMPLOYEE,4
declaration 30215,Declaration REJECTED by ADMINISTRATION | Declaration REJECTED by EMPLOYEE | Declaration SUBMITTED by EMPLOYEE,4
declaration 30121,Declaration REJECTED by ADMINISTRATION | Declaration REJECTED by EMPLOYEE | Declaration SUBMITTED by EMPLOYEE,4
declaration 30102,Declaration REJECTED by ADMINISTRATION | Declaration REJECTED by EMPLOYEE | Declaration SUBMITTED by EMPLOYEE,4
declaration 21671,Declaration REJECTED by ADMINISTRATION | Declaration REJECTED by EMPLOYEE | Declaration SUBMITTED by EMPLOYEE,4
declaration 21638,Declaration REJECTED by ADMINISTRATION | Declaration REJECTED by EMPLOYEE | Declaration SUBMITTED by EMPLOYEE,4
declaration 29131,Declaration REJECTED by ADMINISTRATION | Declaration REJECTED by EMPLOYEE | Declaration SUBMITTED by EMPLOYEE,4
declaration 19405,Declaration REJECTED by ADMINISTRATION | Declaration REJECTED by EMPLOYEE | Declaration SUBMITTED by EMPLOYEE,4
declaration 21569,Declaration REJECTED by ADMINISTRATION | Declaration REJECTED by EMPLOYEE | Declaration SUBMITTED by EMPLOYEE,4
declaration 9732,Declaration REJECTED by ADMINISTRATION | Declaration REJECTED by EMPLOYEE | Declaration SUBMITTED by EMPLOYEE,4
declaration 18714,Declaration SUBMITTED by EMPLOYEE | Permit APPROVED by ADMINISTRATION | Permit APPROVED by BUDGET OWNER | Permit SUBMITTED by EMPLOYEE,4
declaration 929,Declaration REJECTED by ADMINISTRATION | Declaration REJECTED by EMPLOYEE | Declaration SUBMITTED by EMPLOYEE,4
declaration 9187,Declaration REJECTED by ADMINISTRATION | Declaration REJECTED by EMPLOYEE | Declaration SUBMITTED by EMPLOYEE,4
declaration 29050,Declaration REJECTED by ADMINISTRATION | Declaration REJECTED by EMPLOYEE | Declaration SUBMITTED by EMPLOYEE,4
declaration 28727,Declaration REJECTED by ADMINISTRATION | Declaration REJECTED by EMPLOYEE | Declaration SUBMITTED by EMPLOYEE,4
declaration 28679,Declaration APPROVED by ADMINISTRATION | Declaration REJECTED by EMPLOYEE | Declaration SUBMITTED by EMPLOYEE,4
declaration 28272,Declaration REJECTED by ADMINISTRATION | Declaration REJECTED by EMPLOYEE | Declaration SUBMITTED by EMPLOYEE,4
declaration 28234,Declaration REJECTED by ADMINISTRATION | Declaration REJECTED by EMPLOYEE | Declaration SUBMITTED by EMPLOYEE,4
declaration 28216,Declaration REJECTED by ADMINISTRATION | Declaration REJECTED by EMPLOYEE | Declaration SUBMITTED by EMPLOYEE,4
declaration 82082,Declaration APPROVED by PRE_APPROVER | Declaration FINAL_APPROVED by SUPERVISOR | Declaration SUBMITTED by EMPLOYEE,4
declaration 9968,Permit REJECTED by ADMINISTRATION | Permit REJECTED by EMPLOYEE | Permit SUBMITTED by EMPLOYEE,4
declaration 81613,Declaration REJECTED by EMPLOYEE | Declaration REJECTED by PRE_APPROVER | Declaration SUBMITTED by EMPLOYEE,4
declaration 9074,Declaration REJECTED by ADMINISTRATION | Declaration REJECTED by EMPLOYEE | Declaration SUBMITTED by EMPLOYEE,4
declaration 81132,Declaration REJECTED by EMPLOYEE | Declaration REJECTED by PRE_APPROVER | Declaration SUBMITTED by EMPLOYEE,4
declaration 79668,Declaration APPROVED by PRE_APPROVER | Declaration FINAL_APPROVED by SUPERVISOR | Declaration SUBMITTED by EMPLOYEE,4
declaration 77955,Permit REJECTED by EMPLOYEE | Permit REJECTED by PRE_APPROVER | Permit SUBMITTED by EMPLOYEE,4
declaration 75907,Declaration APPROVED by PRE_APPROVER | Declaration APPROVED by SUPERVISOR | Declaration FINAL_APPROVED by DIRECTOR | Declaration SUBMITTED by EMPLOYEE,4
declaration 71317,Declaration REJECTED by ADMINISTRATION | Declaration REJECTED by EMPLOYEE | Declaration SUBMITTED by EMPLOYEE,4
declaration 74789,Declaration APPROVED by SUPERVISOR | Declaration FINAL_APPROVED by DIRECTOR | Declaration SUBMITTED by EMPLOYEE,4
declaration 71203,Declaration REJECTED by ADMINISTRATION | Declaration REJECTED by EMPLOYEE | Declaration SUBMITTED by EMPLOYEE,4
declaration 73447,Declaration APPROVED by PRE_APPROVER | Declaration FINAL_APPROVED by SUPERVISOR | Declaration SUBMITTED by EMPLOYEE,4
declaration 72886,Declaration APPROVED by PRE_APPROVER | Declaration FINAL_APPROVED by SUPERVISOR | Declaration SUBMITTED by EMPLOYEE,4
declaration 71853,Declaration REJECTED by ADMINISTRATION | Declaration REJECTED by EMPLOYEE | Declaration SUBMITTED by EMPLOYEE,4
declaration 71446,Declaration REJECTED by ADMINISTRATION | Declaration REJECTED by EMPLOYEE | Declaration SUBMITTED by EMPLOYEE,4
declaration 11558,Declaration REJECTED by ADMINISTRATION | Declaration REJECTED by EMPLOYEE | Declaration SUBMITTED by EMPLOYEE,4
declaration 20748,Declaration REJECTED by ADMINISTRATION | Declaration REJECTED by EMPLOYEE | Declaration SUBMITTED by EMPLOYEE,4
declaration 8164,Declaration REJECTED by ADMINISTRATION | Declaration REJECTED by EMPLOYEE | Declaration SUBMITTED by EMPLOYEE,4
declaration 70905,Declaration REJECTED by ADMINISTRATION | Declaration REJECTED by EMPLOYEE | Declaration SUBMITTED by EMPLOYEE,4
declaration 20033,Declaration SUBMITTED by EMPLOYEE | Permit APPROVED by ADMINISTRATION | Permit APPROVED by BUDGET OWNER | Permit SUBMITTED by EMPLOYEE,4
declaration 19921,Declaration APPROVED by ADMINISTRATION | Declaration SUBMITTED by EMPLOYEE | Permit APPROVED by ADMINISTRATION | Permit SUBMITTED by EMPLOYEE,4
declaration 25720,Declaration APPROVED by ADMINISTRATION | Declaration REJECTED by EMPLOYEE | Declaration SUBMITTED by EMPLOYEE,4
declaration 25567,Declaration APPROVED by ADMINISTRATION | Declaration REJECTED by EMPLOYEE | Declaration SUBMITTED by EMPLOYEE,4
declaration 70807,Declaration REJECTED by ADMINISTRATION | Declaration REJECTED by EMPLOYEE | Declaration SUBMITTED by EMPLOYEE,4
declaration 25226,Declaration REJECTED by ADMINISTRATION | Declaration REJECTED by EMPLOYEE | Declaration SUBMITTED by EMPLOYEE,4
declaration 7079,Declaration APPROVED by ADMINISTRATION | Declaration REJECTED by EMPLOYEE | Declaration SUBMITTED by EMPLOYEE,4
declaration 24612,Declaration REJECTED by ADMINISTRATION | Declaration REJECTED by EMPLOYEE | Declaration SUBMITTED by EMPLOYEE,4
declaration 24483,Declaration REJECTED by ADMINISTRATION | Declaration REJECTED by EMPLOYEE | Declaration SUBMITTED by EMPLOYEE,4
declaration 24188,Declaration REJECTED by ADMINISTRATION | Declaration REJECTED by EMPLOYEE | Declaration SUBMITTED by EMPLOYEE,4
declaration 23945,Declaration REJECTED by ADMINISTRATION | Declaration REJECTED by EMPLOYEE | Declaration SUBMITTED by EMPLOYEE,4
declaration 13251,Declaration REJECTED by ADMINISTRATION | Declaration REJECTED by EMPLOYEE | Declaration SUBMITTED by EMPLOYEE,4
declaration 1056,Declaration REJECTED by ADMINISTRATION | Declaration REJECTED by EMPLOYEE | Declaration SUBMITTED by EMPLOYEE,4
declaration 28042,Declaration REJECTED by ADMINISTRATION | Declaration REJECTED by EMPLOYEE | Declaration SUBMITTED by EMPLOYEE,4
declaration 10455,Permit APPROVED by ADMINISTRATION | Permit APPROVED by BUDGET OWNER | Permit SUBMITTED by EMPLOYEE,3
declaration 9995,Declaration SUBMITTED by EMPLOYEE | Permit APPROVED by ADMINISTRATION | Permit SUBMITTED by EMPLOYEE,3
declaration 10552,Declaration SUBMITTED by EMPLOYEE | Permit APPROVED by ADMINISTRATION | Permit SUBMITTED by EMPLOYEE,3
declaration 40271,Permit APPROVED by ADMINISTRATION | Permit APPROVED by BUDGET OWNER | Permit SUBMITTED by EMPLOYEE,3
declaration 15880,Declaration APPROVED by ADMINISTRATION | Declaration APPROVED by BUDGET OWNER | Declaration SUBMITTED by EMPLOYEE,3
declaration 82895,Declaration APPROVED by SUPERVISOR | Declaration FINAL_APPROVED by DIRECTOR | Declaration SUBMITTED by EMPLOYEE,3
declaration 83248,Declaration FINAL_APPROVED by SUPERVISOR | Declaration SUBMITTED by EMPLOYEE,3
declaration 83264,Permit APPROVED by SUPERVISOR | Permit FINAL_APPROVED by DIRECTOR | Permit SUBMITTED by EMPLOYEE,3
declaration 22101,Declaration APPROVED by ADMINISTRATION | Declaration APPROVED by BUDGET OWNER | Declaration SUBMITTED by EMPLOYEE,3
declaration 84555,Declaration APPROVED by PRE_APPROVER | Declaration FINAL_APPROVED by SUPERVISOR | Declaration SUBMITTED by EMPLOYEE,3
declaration 42837,Declaration APPROVED by ADMINISTRATION | Declaration APPROVED by BUDGET OWNER | Declaration SUBMITTED by EMPLOYEE,3
declaration 42997,Permit APPROVED by ADMINISTRATION | Permit APPROVED by BUDGET OWNER | Permit SUBMITTED by EMPLOYEE,3
declaration 14838,Declaration APPROVED by ADMINISTRATION | Declaration APPROVED by BUDGET OWNER | Declaration SUBMITTED by EMPLOYEE,3
declaration 15050,Declaration SUBMITTED by EMPLOYEE | Permit APPROVED by ADMINISTRATION | Permit SUBMITTED by EMPLOYEE,3
declaration 45496,Declaration REJECTED by ADMINISTRATION | Declaration SUBMITTED by EMPLOYEE,3
declaration 45682,Declaration SUBMITTED by EMPLOYEE | Permit APPROVED by ADMINISTRATION | Permit SUBMITTED by EMPLOYEE,3
declaration 32841,Declaration REJECTED by ADMINISTRATION | Declaration REJECTED by EMPLOYEE | Declaration SUBMITTED by EMPLOYEE,3
declaration 33203,Declaration REJECTED by ADMINISTRATION | Declaration REJECTED by EMPLOYEE | Declaration SUBMITTED by EMPLOYEE,3
declaration 46254,Declaration REJECTED by ADMINISTRATION | Declaration REJECTED by EMPLOYEE | Declaration SUBMITTED by EMPLOYEE,3
declaration 47850,Declaration SUBMITTED by EMPLOYEE | Permit APPROVED by ADMINISTRATION | Permit SUBMITTED by EMPLOYEE,3
declaration 47974,Declaration REJECTED by ADMINISTRATION | Declaration SUBMITTED by EMPLOYEE,3
declaration 49429,Declaration SUBMITTED by EMPLOYEE | Permit APPROVED by ADMINISTRATION | Permit SUBMITTED by EMPLOYEE,3
declaration 4975,Declaration REJECTED by ADMINISTRATION | Declaration SUBMITTED by EMPLOYEE,3
declaration 32077,Declaration SUBMITTED by EMPLOYEE | Permit APPROVED by ADMINISTRATION | Permit SUBMITTED by EMPLOYEE,3
declaration 81774,Declaration APPROVED by PRE_APPROVER | Declaration FINAL_APPROVED by SUPERVISOR | Declaration SUBMITTED by EMPLOYEE,3
declaration 82172,Declaration FINAL_APPROVED by SUPERVISOR | Declaration SUBMITTED by EMPLOYEE | Permit SUBMITTED by EMPLOYEE,3
declaration 82435,Declaration APPROVED by PRE_APPROVER | Declaration FINAL_APPROVED by SUPERVISOR | Declaration SUBMITTED by EMPLOYEE,3
declaration 2035,Declaration REJECTED by ADMINISTRATION | Declaration REJECTED by EMPLOYEE | Declaration SUBMITTED by EMPLOYEE,3
declaration 82832,Declaration APPROVED by PRE_APPROVER | Declaration FINAL_APPROVED by SUPERVISOR | Declaration SUBMITTED by EMPLOYEE,3
declaration 53167,Declaration APPROVED by ADMINISTRATION | Declaration APPROVED by BUDGET OWNER | Declaration SUBMITTED by EMPLOYEE,3
declaration 55289,Declaration SUBMITTED by EMPLOYEE | Permit APPROVED by ADMINISTRATION | Permit SUBMITTED by EMPLOYEE,3
declaration 56084,Declaration SUBMITTED by EMPLOYEE | Permit APPROVED by ADMINISTRATION | Permit SUBMITTED by EMPLOYEE,3
declaration 56602,Permit APPROVED by ADMINISTRATION | Permit APPROVED by BUDGET OWNER | Permit SUBMITTED by EMPLOYEE,3
declaration 58964,Declaration APPROVED by ADMINISTRATION | Declaration REJECTED by SUPERVISOR | Declaration SUBMITTED by EMPLOYEE,3
declaration 14539,Declaration APPROVED by ADMINISTRATION | Declaration APPROVED by BUDGET OWNER | Declaration SUBMITTED by EMPLOYEE,3
declaration 62190,Declaration SUBMITTED by EMPLOYEE | Permit APPROVED by ADMINISTRATION | Permit SUBMITTED by EMPLOYEE,3
declaration 62441,Declaration APPROVED by ADMINISTRATION | Declaration APPROVED by BUDGET OWNER | Declaration SUBMITTED by EMPLOYEE,3
declaration 63049,Declaration SUBMITTED by EMPLOYEE | Permit APPROVED by ADMINISTRATION | Permit SUBMITTED by EMPLOYEE,3
declaration 63280,Declaration APPROVED by ADMINISTRATION | Declaration APPROVED by BUDGET OWNER | Declaration SUBMITTED by EMPLOYEE,3
declaration 80394,Declaration APPROVED by PRE_APPROVER | Declaration FINAL_APPROVED by SUPERVISOR | Declaration SUBMITTED by EMPLOYEE,3
declaration 80784,Permit APPROVED by SUPERVISOR | Permit FINAL_APPROVED by DIRECTOR | Permit SUBMITTED by EMPLOYEE,3
declaration 23131,Permit APPROVED by ADMINISTRATION | Permit APPROVED by BUDGET OWNER | Permit SUBMITTED by EMPLOYEE,3
declaration 6437,Declaration APPROVED by ADMINISTRATION | Declaration APPROVED by BUDGET OWNER | Declaration SUBMITTED by EMPLOYEE,3
declaration 144371,Declaration APPROVED by PRE_APPROVER | Declaration FINAL_APPROVED by SUPERVISOR | Declaration SUBMITTED by EMPLOYEE,3
declaration 144589,Declaration APPROVED by SUPERVISOR | Declaration FINAL_APPROVED by DIRECTOR | Declaration SUBMITTED by EMPLOYEE,3
declaration 68296,Declaration REJECTED by ADMINISTRATION | Declaration REJECTED by EMPLOYEE | Declaration SUBMITTED by EMPLOYEE,3
declaration 6938,Declaration REJECTED by ADMINISTRATION | Declaration REJECTED by EMPLOYEE | Declaration SUBMITTED by EMPLOYEE,3
declaration 69486,Permit APPROVED by ADMINISTRATION | Permit APPROVED by BUDGET OWNER | Permit SUBMITTED by EMPLOYEE,3
declaration 69877,Declaration SUBMITTED by EMPLOYEE | Permit APPROVED by ADMINISTRATION | Permit SUBMITTED by EMPLOYEE,3
declaration 70411,Declaration SUBMITTED by EMPLOYEE | Permit APPROVED by ADMINISTRATION | Permit SUBMITTED by EMPLOYEE,3
declaration 70444,Declaration APPROVED by ADMINISTRATION | Declaration APPROVED by BUDGET OWNER | Declaration SUBMITTED by EMPLOYEE,3
declaration 72102,Declaration APPROVED by SUPERVISOR | Declaration FINAL_APPROVED by DIRECTOR | Declaration SUBMITTED by EMPLOYEE,3
declaration 72511,Declaration APPROVED by PRE_APPROVER | Declaration FINAL_APPROVED by SUPERVISOR | Declaration SUBMITTED by EMPLOYEE,3
declaration 72658,Declaration APPROVED by SUPERVISOR | Declaration FINAL_APPROVED by DIRECTOR | Declaration SUBMITTED by EMPLOYEE,3
declaration 27218,Declaration SUBMITTED by EMPLOYEE | Permit APPROVED by ADMINISTRATION | Permit SUBMITTED by EMPLOYEE,3
declaration 78055,Declaration APPROVED by PRE_APPROVER | Declaration FINAL_APPROVED by SUPERVISOR | Declaration SUBMITTED by EMPLOYEE,3
declaration 78088,Declaration APPROVED by SUPERVISOR | Declaration FINAL_APPROVED by DIRECTOR | Declaration SUBMITTED by EMPLOYEE,3
declaration 78558,Declaration APPROVED by PRE_APPROVER | Declaration FINAL_APPROVED by SUPERVISOR | Declaration SUBMITTED by EMPLOYEE,3
declaration 23454,Declaration SUBMITTED by EMPLOYEE | Permit APPROVED by ADMINISTRATION | Permit SUBMITTED by EMPLOYEE,3
declaration 72753,Declaration APPROVED by PRE_APPROVER | Declaration FINAL_APPROVED by SUPERVISOR | Declaration SUBMITTED by EMPLOYEE,3
declaration 72906,Declaration APPROVED by PRE_APPROVER | Declaration FINAL_APPROVED by SUPERVISOR | Declaration SUBMITTED by EMPLOYEE,3
declaration 72941,Declaration APPROVED by PRE_APPROVER | Declaration FINAL_APPROVED by SUPERVISOR | Declaration SUBMITTED by EMPLOYEE,3
declaration 73127,Permit APPROVED by PRE_APPROVER | Permit FINAL_APPROVED by SUPERVISOR | Permit SUBMITTED by EMPLOYEE,3
declaration 73360,Declaration APPROVED by PRE_APPROVER | Declaration FINAL_APPROVED by SUPERVISOR | Declaration SUBMITTED by EMPLOYEE,3
declaration 20016,Permit APPROVED by ADMINISTRATION | Permit APPROVED by BUDGET OWNER | Permit SUBMITTED by EMPLOYEE,3
declaration 27185,Declaration SUBMITTED by EMPLOYEE | Permit APPROVED by ADMINISTRATION | Permit SUBMITTED by EMPLOYEE,3
declaration 73497,Declaration APPROVED by PRE_APPROVER | Declaration FINAL_APPROVED by SUPERVISOR | Declaration SUBMITTED by EMPLOYEE,3
declaration 74073,Permit APPROVED by PRE_APPROVER | Permit FINAL_APPROVED by SUPERVISOR | Permit SUBMITTED by EMPLOYEE,3
declaration 74135,Declaration APPROVED by PRE_APPROVER | Declaration FINAL_APPROVED by SUPERVISOR | Declaration SUBMITTED by EMPLOYEE,3
declaration 74211,Declaration APPROVED by PRE_APPROVER | Declaration FINAL_APPROVED by SUPERVISOR | Declaration SUBMITTED by EMPLOYEE,3
declaration 74229,Permit APPROVED by PRE_APPROVER | Permit FINAL_APPROVED by SUPERVISOR | Permit SUBMITTED by EMPLOYEE,3
declaration 75684,Declaration SUBMITTED by EMPLOYEE | Permit APPROVED by PRE_APPROVER | Permit SUBMITTED by EMPLOYEE,3
declaration 76011,Declaration SUBMITTED by EMPLOYEE | Permit APPROVED by PRE_APPROVER | Permit SUBMITTED by EMPLOYEE,3
declaration 25454,Permit APPROVED by ADMINISTRATION | Permit APPROVED by BUDGET OWNER | Permit SUBMITTED by EMPLOYEE,3
declaration 25548,Declaration SUBMITTED by EMPLOYEE | Permit APPROVED by ADMINISTRATION | Permit SUBMITTED by EMPLOYEE,3
declaration 77077,Declaration APPROVED by PRE_APPROVER | Declaration FINAL_APPROVED by SUPERVISOR | Declaration SUBMITTED by EMPLOYEE,3
declaration 77196,Declaration REJECTED by EMPLOYEE | Declaration SUBMITTED by EMPLOYEE,3
declaration 26633,Declaration APPROVED by ADMINISTRATION | Declaration APPROVED by BUDGET OWNER | Declaration SUBMITTED by EMPLOYEE,3
declaration 74908,Declaration APPROVED by PRE_APPROVER | Declaration FINAL_APPROVED by SUPERVISOR | Declaration SUBMITTED by EMPLOYEE,3
declaration 74949,Declaration APPROVED by PRE_APPROVER | Declaration FINAL_APPROVED by SUPERVISOR | Declaration SUBMITTED by EMPLOYEE,3
declaration 75341,Declaration APPROVED by PRE_APPROVER | Declaration FINAL_APPROVED by SUPERVISOR | Declaration SUBMITTED by EMPLOYEE,3
declaration 36621,Declaration APPROVED by ADMINISTRATION | Declaration APPROVED by BUDGET OWNER | Declaration SUBMITTED by EMPLOYEE,3
declaration 34521,Declaration SUBMITTED by EMPLOYEE | Permit APPROVED by ADMINISTRATION | Permit SUBMITTED by EMPLOYEE,3
declaration 37284,Declaration SUBMITTED by EMPLOYEE | Permit APPROVED by ADMINISTRATION | Permit SUBMITTED by EMPLOYEE,3
declaration 37366,Declaration REJECTED by ADMINISTRATION | Declaration SUBMITTED by EMPLOYEE,3
declaration 84843,Declaration APPROVED by PRE_APPROVER | Declaration FINAL_APPROVED by SUPERVISOR | Declaration SUBMITTED by EMPLOYEE,3
declaration 84867,Permit APPROVED by PRE_APPROVER | Permit FINAL_APPROVED by SUPERVISOR | Permit SUBMITTED by EMPLOYEE,3
declaration 85205,Declaration APPROVED by PRE_APPROVER | Declaration FINAL_APPROVED by SUPERVISOR | Declaration SUBMITTED by EMPLOYEE,3
declaration 85354,Declaration APPROVED by PRE_APPROVER | Declaration FINAL_APPROVED by SUPERVISOR | Declaration SUBMITTED by EMPLOYEE,3
declaration 85661,Declaration FINAL_APPROVED by SUPERVISOR | Declaration SUBMITTED by EMPLOYEE,3
declaration 85821,Permit APPROVED by SUPERVISOR | Permit FINAL_APPROVED by DIRECTOR | Permit SUBMITTED by EMPLOYEE,3
declaration 85981,Declaration APPROVED by PRE_APPROVER | Declaration FINAL_APPROVED by SUPERVISOR | Declaration SUBMITTED by EMPLOYEE,3
declaration 86088,Declaration APPROVED by PRE_APPROVER | Declaration FINAL_APPROVED by SUPERVISOR | Declaration SUBMITTED by EMPLOYEE,3
declaration 21286,Declaration APPROVED by ADMINISTRATION | Declaration SUBMITTED by EMPLOYEE,2
declaration 9466,Declaration SUBMITTED by EMPLOYEE | Permit SUBMITTED by EMPLOYEE,2
declaration 85792,Declaration SUBMITTED by EMPLOYEE | Send Reminder,2
declaration 85314,Declaration FINAL_APPROVED by SUPERVISOR | Declaration SUBMITTED by EMPLOYEE,2
declaration 84971,Declaration FINAL_APPROVED by SUPERVISOR | Declaration SUBMITTED by EMPLOYEE,2
declaration 84753,Permit APPROVED by PRE_APPROVER | Permit SUBMITTED by EMPLOYEE,2
declaration 84751,Permit APPROVED by PRE_APPROVER | Permit SUBMITTED by EMPLOYEE,2
declaration 84749,Permit APPROVED by PRE_APPROVER | Permit SUBMITTED by EMPLOYEE,2
declaration 37325,Permit APPROVED by ADMINISTRATION | Permit SUBMITTED by EMPLOYEE,2
declaration 34694,Permit APPROVED by ADMINISTRATION | Permit SUBMITTED by EMPLOYEE,2
declaration 36765,Declaration APPROVED by ADMINISTRATION | Declaration SUBMITTED by EMPLOYEE,2
declaration 3654,Permit APPROVED by ADMINISTRATION | Permit SUBMITTED by EMPLOYEE,2
declaration 36228,Permit APPROVED by ADMINISTRATION | Permit SUBMITTED by EMPLOYEE,2
declaration 36053,Declaration APPROVED by ADMINISTRATION | Declaration SUBMITTED by EMPLOYEE,2
declaration 17378,Permit APPROVED by ADMINISTRATION | Permit SUBMITTED by EMPLOYEE,2
declaration 9801,Declaration APPROVED by ADMINISTRATION | Declaration SUBMITTED by EMPLOYEE,2
declaration 9762,Declaration APPROVED by ADMINISTRATION | Declaration SUBMITTED by EMPLOYEE,2
declaration 901,Declaration APPROVED by ADMINISTRATION | Declaration SUBMITTED by EMPLOYEE,2
declaration 86516,Permit FINAL_APPROVED by SUPERVISOR | Permit SUBMITTED by EMPLOYEE,2
declaration 8619,Declaration APPROVED by ADMINISTRATION | Declaration SUBMITTED by EMPLOYEE,2
declaration 75310,Declaration FINAL_APPROVED by SUPERVISOR | Declaration SUBMITTED by EMPLOYEE,2
declaration 75193,Permit FINAL_APPROVED by SUPERVISOR | Permit SUBMITTED by EMPLOYEE,2
declaration 75158,Declaration APPROVED by PRE_APPROVER | Declaration SUBMITTED by EMPLOYEE,2
declaration 75005,Declaration FINAL_APPROVED by SUPERVISOR | Declaration SUBMITTED by EMPLOYEE,2
declaration 74994,Declaration FINAL_APPROVED by SUPERVISOR | Declaration SUBMITTED by EMPLOYEE,2
declaration 2664,Declaration REJECTED by ADMINISTRATION | Declaration SUBMITTED by EMPLOYEE,2
declaration 26469,Permit APPROVED by ADMINISTRATION | Permit SUBMITTED by EMPLOYEE,2
declaration 2643,Declaration APPROVED by ADMINISTRATION | Declaration SUBMITTED by EMPLOYEE,2
declaration 74681,Declaration APPROVED by PRE_APPROVER | Declaration SUBMITTED by EMPLOYEE,2
declaration 74660,Declaration FINAL_APPROVED by SUPERVISOR | Declaration SUBMITTED by EMPLOYEE,2
declaration 74583,Declaration APPROVED by PRE_APPROVER | Declaration SUBMITTED by EMPLOYEE,2
declaration 74377,Declaration FINAL_APPROVED by SUPERVISOR | Declaration SUBMITTED by EMPLOYEE,2
declaration 77161,Declaration SUBMITTED by EMPLOYEE | Permit SUBMITTED by EMPLOYEE,2
declaration 77060,Permit FINAL_APPROVED by SUPERVISOR | Permit SUBMITTED by EMPLOYEE,2
declaration 76886,Declaration FINAL_APPROVED by SUPERVISOR | Declaration SUBMITTED by EMPLOYEE,2
declaration 76637,Declaration FINAL_APPROVED by SUPERVISOR | Declaration SUBMITTED by EMPLOYEE,2
declaration 24588,Declaration REJECTED by EMPLOYEE | Declaration SUBMITTED by EMPLOYEE,2
declaration 76534,Declaration APPROVED by PRE_APPROVER | Declaration SUBMITTED by EMPLOYEE,2
declaration 75874,Declaration APPROVED by PRE_APPROVER | Declaration SUBMITTED by EMPLOYEE,2
declaration 75701,Declaration FINAL_APPROVED by SUPERVISOR | Declaration SUBMITTED by EMPLOYEE,2
declaration 75558,Permit APPROVED by PRE_APPROVER | Permit SUBMITTED by EMPLOYEE,2
declaration 75519,Declaration FINAL_APPROVED by SUPERVISOR | Declaration SUBMITTED by EMPLOYEE,2
declaration 73784,Declaration SUBMITTED by EMPLOYEE | Permit SUBMITTED by EMPLOYEE,2
declaration 73473,Declaration FINAL_APPROVED by SUPERVISOR | Declaration SUBMITTED by EMPLOYEE,2
declaration 20195,Declaration APPROVED by ADMINISTRATION | Declaration SUBMITTED by EMPLOYEE,2
declaration 26913,Declaration APPROVED by ADMINISTRATION | Declaration SUBMITTED by EMPLOYEE,2
declaration 7925,Declaration APPROVED by ADMINISTRATION | Declaration SUBMITTED by EMPLOYEE,2
declaration 23773,Declaration APPROVED by ADMINISTRATION | Declaration SUBMITTED by EMPLOYEE,2
declaration 23554,Permit APPROVED by ADMINISTRATION | Permit SUBMITTED by EMPLOYEE,2
declaration 23456,Permit APPROVED by ADMINISTRATION | Permit SUBMITTED by EMPLOYEE,2
declaration 78851,Declaration APPROVED by ADMINISTRATION | Declaration SUBMITTED by EMPLOYEE,2
declaration 78656,Declaration SUBMITTED by EMPLOYEE | Permit SUBMITTED by EMPLOYEE,2
declaration 78145,Declaration FINAL_APPROVED by SUPERVISOR | Declaration SUBMITTED by EMPLOYEE,2
declaration 78022,Declaration APPROVED by PRE_APPROVER | Declaration SUBMITTED by EMPLOYEE,2
declaration 77684,Declaration FINAL_APPROVED by SUPERVISOR | Declaration SUBMITTED by EMPLOYEE,2
declaration 77637,Declaration FINAL_APPROVED by SUPERVISOR | Declaration SUBMITTED by EMPLOYEE,2
declaration 77607,Declaration FINAL_APPROVED by SUPERVISOR | Declaration SUBMITTED by EMPLOYEE,2
declaration 77500,Declaration FINAL_APPROVED by SUPERVISOR | Declaration SUBMITTED by EMPLOYEE,2
declaration 28310,Declaration SUBMITTED by EMPLOYEE | Permit SUBMITTED by EMPLOYEE,2
declaration 27474,Declaration APPROVED by ADMINISTRATION | Declaration SUBMITTED by EMPLOYEE,2
declaration 27285,Declaration APPROVED by ADMINISTRATION | Declaration SUBMITTED by EMPLOYEE,2
declaration 72672,Declaration APPROVED by PRE_APPROVER | Declaration SUBMITTED by EMPLOYEE,2
declaration 72381,Declaration FINAL_APPROVED by SUPERVISOR | Declaration SUBMITTED by EMPLOYEE,2
declaration 72341,Declaration SUBMITTED by EMPLOYEE | Permit SUBMITTED by EMPLOYEE,2
declaration 12913,Declaration APPROVED by ADMINISTRATION | Declaration SUBMITTED by EMPLOYEE,2
declaration 70709,Permit APPROVED by ADMINISTRATION | Permit SUBMITTED by EMPLOYEE,2
declaration 70660,Permit APPROVED by ADMINISTRATION | Permit SUBMITTED by EMPLOYEE,2
declaration 70013,Declaration APPROVED by ADMINISTRATION | Declaration SUBMITTED by EMPLOYEE,2
declaration 28886,Permit APPROVED by ADMINISTRATION | Permit SUBMITTED by EMPLOYEE,2
declaration 69701,Declaration SUBMITTED by EMPLOYEE | Permit SUBMITTED by EMPLOYEE,2
declaration 69105,Declaration SUBMITTED by EMPLOYEE | Permit SUBMITTED by EMPLOYEE,2
declaration 68940,Declaration SUBMITTED by EMPLOYEE,2
declaration 13800,Declaration APPROVED by ADMINISTRATION | Declaration SUBMITTED by EMPLOYEE,2
declaration 13688,Declaration APPROVED by ADMINISTRATION | Declaration SUBMITTED by EMPLOYEE,2
declaration 13544,Declaration SUBMITTED by EMPLOYEE | Permit SUBMITTED by EMPLOYEE,2
declaration 1348,Declaration APPROVED by ADMINISTRATION | Declaration SUBMITTED by EMPLOYEE,2
declaration 68354,Declaration APPROVED by ADMINISTRATION | Declaration SUBMITTED by EMPLOYEE,2
declaration 67992,Declaration REJECTED by ADMINISTRATION | Declaration SUBMITTED by EMPLOYEE,2
declaration 67596,Declaration SUBMITTED by EMPLOYEE | Permit SUBMITTED by EMPLOYEE,2
declaration 29874,Declaration SUBMITTED by EMPLOYEE | Permit SUBMITTED by EMPLOYEE,2
declaration 29830,Declaration SUBMITTED by EMPLOYEE | Permit SUBMITTED by EMPLOYEE,2
declaration 29730,Permit APPROVED by ADMINISTRATION | Permit SUBMITTED by EMPLOYEE,2
declaration 29093,Declaration APPROVED by ADMINISTRATION | Declaration SUBMITTED by EMPLOYEE,2
declaration 66984,Declaration SUBMITTED by EMPLOYEE | Permit SUBMITTED by EMPLOYEE,2
declaration 65655,Declaration APPROVED by ADMINISTRATION | Declaration SUBMITTED by EMPLOYEE,2
declaration 143558,Declaration APPROVED by PRE_APPROVER | Declaration SUBMITTED by EMPLOYEE,2
declaration 143546,Declaration APPROVED by PRE_APPROVER | Declaration SUBMITTED by EMPLOYEE,2
declaration 65232,Permit APPROVED by ADMINISTRATION | Permit SUBMITTED by EMPLOYEE,2
declaration 64815,Permit APPROVED by ADMINISTRATION | Permit SUBMITTED by EMPLOYEE,2
declaration 64391,Permit APPROVED by ADMINISTRATION | Permit SUBMITTED by EMPLOYEE,2
declaration 64105,Declaration APPROVED by ADMINISTRATION | Declaration SUBMITTED by EMPLOYEE,2
declaration 64099,Declaration APPROVED by ADMINISTRATION | Declaration SUBMITTED by EMPLOYEE,2
declaration 63633,Declaration SUBMITTED by EMPLOYEE | Permit SUBMITTED by EMPLOYEE,2
declaration 23434,Permit APPROVED by ADMINISTRATION | Permit SUBMITTED by EMPLOYEE,2
declaration 1170,Declaration APPROVED by ADMINISTRATION | Declaration SUBMITTED by EMPLOYEE,2
declaration 81541,Permit FINAL_APPROVED by SUPERVISOR | Permit SUBMITTED by EMPLOYEE,2
declaration 81201,Declaration FINAL_APPROVED by SUPERVISOR | Declaration SUBMITTED by EMPLOYEE,2
declaration 8079,Declaration APPROVED by ADMINISTRATION | Declaration SUBMITTED by EMPLOYEE,2
declaration 80594,Declaration FINAL_APPROVED by SUPERVISOR | Declaration SUBMITTED by EMPLOYEE,2
declaration 80510,Declaration FINAL_APPROVED by SUPERVISOR | Declaration SUBMITTED by EMPLOYEE,2
declaration 80496,Declaration APPROVED by PRE_APPROVER | Declaration SUBMITTED by EMPLOYEE,2
declaration 80369,Declaration FINAL_APPROVED by SUPERVISOR | Declaration SUBMITTED by EMPLOYEE,2
declaration 80236,Declaration FINAL_APPROVED by SUPERVISOR | Declaration SUBMITTED by EMPLOYEE,2
declaration 79882,Declaration FINAL_APPROVED by SUPERVISOR | Declaration SUBMITTED by EMPLOYEE,2
declaration 79849,Declaration SUBMITTED by EMPLOYEE | Send Reminder,2
declaration 79761,Permit FINAL_APPROVED by SUPERVISOR | Permit SUBMITTED by EMPLOYEE,2
declaration 30037,Declaration APPROVED by ADMINISTRATION | Declaration SUBMITTED by EMPLOYEE,2
declaration 29948,Permit APPROVED by ADMINISTRATION | Permit SUBMITTED by EMPLOYEE,2
declaration 62845,Declaration SUBMITTED by EMPLOYEE | Send Reminder,2
declaration 62219,Permit APPROVED by ADMINISTRATION | Permit SUBMITTED by EMPLOYEE,2
declaration 145282,Declaration APPROVED by ADMINISTRATION | Declaration SUBMITTED by EMPLOYEE,2
declaration 144996,Declaration APPROVED by PRE_APPROVER | Declaration SUBMITTED by EMPLOYEE,2
declaration 144946,Declaration FINAL_APPROVED by SUPERVISOR | Declaration SUBMITTED by EMPLOYEE,2
declaration 14483,Declaration APPROVED by ADMINISTRATION | Declaration SUBMITTED by EMPLOYEE,2
declaration 61551,Permit APPROVED by ADMINISTRATION | Permit SUBMITTED by EMPLOYEE,2
declaration 61434,Permit APPROVED by ADMINISTRATION | Permit SUBMITTED by EMPLOYEE,2
declaration 61260,Permit APPROVED by ADMINISTRATION | Permit SUBMITTED by EMPLOYEE,2
declaration 61184,Permit APPROVED by ADMINISTRATION | Permit SUBMITTED by EMPLOYEE,2
declaration 60751,Permit APPROVED by ADMINISTRATION | Permit SUBMITTED by EMPLOYEE,2
declaration 30803,Declaration APPROVED by ADMINISTRATION | Declaration SUBMITTED by EMPLOYEE,2
declaration 60567,Declaration APPROVED by ADMINISTRATION | Declaration SUBMITTED by EMPLOYEE,2
declaration 60554,Declaration SUBMITTED by EMPLOYEE | Send Reminder,2
declaration 60041,Declaration APPROVED by ADMINISTRATION | Declaration SUBMITTED by EMPLOYEE,2
declaration 600,Permit APPROVED by ADMINISTRATION | Permit SUBMITTED by EMPLOYEE,2
declaration 59885,Permit APPROVED by ADMINISTRATION | Permit SUBMITTED by EMPLOYEE,2
declaration 59445,Declaration APPROVED by ADMINISTRATION | Declaration SUBMITTED by EMPLOYEE,2
declaration 59020,Permit APPROVED by ADMINISTRATION | Permit SUBMITTED by EMPLOYEE,2
declaration 58408,Permit APPROVED by ADMINISTRATION | Permit SUBMITTED by EMPLOYEE,2
declaration 58319,Declaration SUBMITTED by EMPLOYEE | Permit SUBMITTED by EMPLOYEE,2
declaration 58063,Declaration APPROVED by ADMINISTRATION | Declaration SUBMITTED by EMPLOYEE,2
declaration 57893,Permit APPROVED by ADMINISTRATION | Permit SUBMITTED by EMPLOYEE,2
declaration 145950,Declaration APPROVED by ADMINISTRATION | Declaration SUBMITTED by EMPLOYEE,2
declaration 145777,Declaration APPROVED by ADMINISTRATION | Declaration SUBMITTED by EMPLOYEE,2
declaration 56951,Declaration SUBMITTED by EMPLOYEE,2
declaration 55780,Declaration APPROVED by ADMINISTRATION | Declaration SUBMITTED by EMPLOYEE,2
declaration 54599,Declaration SUBMITTED by EMPLOYEE,2
declaration 545,Permit APPROVED by ADMINISTRATION | Permit SUBMITTED by EMPLOYEE,2
declaration 54257,Permit APPROVED by ADMINISTRATION | Permit SUBMITTED by EMPLOYEE,2
declaration 53030,Permit APPROVED by ADMINISTRATION | Permit SUBMITTED by EMPLOYEE,2
declaration 52320,Declaration SUBMITTED by EMPLOYEE | Permit SUBMITTED by EMPLOYEE,2
declaration 52077,Declaration SUBMITTED by EMPLOYEE,2
declaration 51804,Declaration SUBMITTED by EMPLOYEE | Permit SUBMITTED by EMPLOYEE,2
declaration 50910,Permit APPROVED by ADMINISTRATION | Permit SUBMITTED by EMPLOYEE,2
declaration 50578,Declaration APPROVED by ADMINISTRATION | Declaration SUBMITTED by EMPLOYEE,2
declaration 82795,Declaration FINAL_APPROVED by SUPERVISOR | Declaration SUBMITTED by EMPLOYEE,2
declaration 20860,Declaration APPROVED by ADMINISTRATION | Declaration SUBMITTED by EMPLOYEE,2
declaration 20797,Permit APPROVED by ADMINISTRATION | Permit SUBMITTED by EMPLOYEE,2
declaration 20489,Declaration SUBMITTED by EMPLOYEE | Permit SUBMITTED by EMPLOYEE,2
declaration 82404,Permit FINAL_APPROVED by SUPERVISOR | Permit SUBMITTED by EMPLOYEE,2
declaration 82285,Permit APPROVED by PRE_APPROVER | Permit SUBMITTED by EMPLOYEE,2
declaration 81945,Declaration FINAL_APPROVED by SUPERVISOR | Declaration SUBMITTED by EMPLOYEE,2
declaration 81788,Declaration FINAL_APPROVED by SUPERVISOR | Declaration SUBMITTED by EMPLOYEE,2
declaration 12515,Permit SUBMITTED by EMPLOYEE,2
declaration 12513,Permit SUBMITTED by EMPLOYEE,2
declaration 11798,Permit APPROVED by ADMINISTRATION | Permit SUBMITTED by EMPLOYEE,2
declaration 50528,Permit APPROVED by ADMINISTRATION | Permit SUBMITTED by EMPLOYEE,2
declaration 32711,Permit APPROVED by ADMINISTRATION | Permit SUBMITTED by EMPLOYEE,2
declaration 3267,Declaration SUBMITTED by EMPLOYEE,2
declaration 32556,Declaration APPROVED by ADMINISTRATION | Declaration SUBMITTED by EMPLOYEE,2
declaration 48656,Declaration APPROVED by ADMINISTRATION | Declaration SUBMITTED by EMPLOYEE,2
declaration 47622,Permit APPROVED by ADMINISTRATION | Permit SUBMITTED by EMPLOYEE,2
declaration 47468,Declaration APPROVED by ADMINISTRATION | Declaration SUBMITTED by EMPLOYEE,2
declaration 47171,Declaration SUBMITTED by EMPLOYEE | Send Reminder,2
declaration 46733,Permit APPROVED by ADMINISTRATION | Permit SUBMITTED by EMPLOYEE,2
declaration 46731,Permit APPROVED by ADMINISTRATION | Permit SUBMITTED by EMPLOYEE,2
declaration 32955,Declaration APPROVED by ADMINISTRATION | Declaration SUBMITTED by EMPLOYEE,2
declaration 45680,Permit APPROVED by ADMINISTRATION | Permit SUBMITTED by EMPLOYEE,2
declaration 45576,Declaration APPROVED by ADMINISTRATION | Declaration SUBMITTED by EMPLOYEE,2
declaration 45113,Permit APPROVED by ADMINISTRATION | Permit SUBMITTED by EMPLOYEE,2
declaration 43958,Declaration APPROVED by ADMINISTRATION | Declaration SUBMITTED by EMPLOYEE,2
declaration 42299,Permit APPROVED by ADMINISTRATION | Permit SUBMITTED by EMPLOYEE,2
declaration 41729,Declaration APPROVED by ADMINISTRATION | Declaration SUBMITTED by EMPLOYEE,2
declaration 15938,Permit APPROVED by ADMINISTRATION | Permit SUBMITTED by EMPLOYEE,2
declaration 84109,Declaration FINAL_APPROVED by SUPERVISOR | Declaration SUBMITTED by EMPLOYEE,2
declaration 84098,Permit FINAL_APPROVED by SUPERVISOR | Permit SUBMITTED by EMPLOYEE,2
declaration 22318,Declaration REJECTED by ADMINISTRATION | Declaration SUBMITTED by EMPLOYEE,2
declaration 22235,Declaration APPROVED by ADMINISTRATION | Declaration SUBMITTED by EMPLOYEE,2
declaration 2170,Declaration APPROVED by ADMINISTRATION | Declaration SUBMITTED by EMPLOYEE,2
declaration 83846,Permit FINAL_APPROVED by SUPERVISOR | Permit SUBMITTED by EMPLOYEE,2
declaration 83727,Declaration FINAL_APPROVED by SUPERVISOR | Declaration SUBMITTED by EMPLOYEE,2
declaration 83337,Declaration FINAL_APPROVED by SUPERVISOR | Declaration SUBMITTED by EMPLOYEE,2
declaration 831,Declaration APPROVED by ADMINISTRATION | Declaration SUBMITTED by EMPLOYEE,2
declaration 8302,Declaration APPROVED by ADMINISTRATION | Declaration SUBMITTED by EMPLOYEE,2
declaration 82952,Declaration APPROVED by PRE_APPROVER | Declaration SUBMITTED by EMPLOYEE,2
declaration 34294,Permit APPROVED by ADMINISTRATION | Permit SUBMITTED by EMPLOYEE,2
declaration 34017,Declaration APPROVED by ADMINISTRATION | Declaration SUBMITTED by EMPLOYEE,2
declaration 33991,Permit APPROVED by ADMINISTRATION | Permit SUBMITTED by EMPLOYEE,2
declaration 33546,Permit APPROVED by ADMINISTRATION | Permit SUBMITTED by EMPLOYEE,2
declaration 41174,Permit APPROVED by ADMINISTRATION | Permit SUBMITTED by EMPLOYEE,2
declaration 40790,Declaration APPROVED by ADMINISTRATION | Declaration SUBMITTED by EMPLOYEE,2
declaration 40430,Declaration APPROVED by ADMINISTRATION | Declaration SUBMITTED by EMPLOYEE,2
declaration 16616,Declaration SUBMITTED by EMPLOYEE | Permit SUBMITTED by EMPLOYEE,2
declaration 39715,Permit APPROVED by ADMINISTRATION | Permit SUBMITTED by EMPLOYEE,2
declaration 39601,Declaration APPROVED by ADMINISTRATION | Declaration SUBMITTED by EMPLOYEE,2
declaration 39397,Declaration SUBMITTED by EMPLOYEE | Permit SUBMITTED by EMPLOYEE,2
declaration 39329,Declaration APPROVED by ADMINISTRATION | Declaration SUBMITTED by EMPLOYEE,2
declaration 37898,Declaration APPROVED by ADMINISTRATION | Declaration SUBMITTED by EMPLOYEE,2
declaration 37524,Declaration SUBMITTED by EMPLOYEE | Permit SUBMITTED by EMPLOYEE,2
declaration 9314,Declaration APPROVED by ADMINISTRATION | Declaration SUBMITTED by EMPLOYEE,2
declaration 9237,Declaration APPROVED by ADMINISTRATION | Declaration SUBMITTED by EMPLOYEE,2
declaration 10939,Declaration APPROVED by ADMINISTRATION | Declaration SUBMITTED by EMPLOYEE,2
declaration 86102,Declaration FINAL_APPROVED by SUPERVISOR | Declaration SUBMITTED by EMPLOYEE,2
declaration 11149,Declaration SUBMITTED by EMPLOYEE | Permit SUBMITTED by EMPLOYEE,2
declaration 10279,Declaration APPROVED by ADMINISTRATION | Declaration SUBMITTED by EMPLOYEE,2
declaration 10168,Declaration SUBMITTED by EMPLOYEE,1
declaration 10240,Declaration SUBMITTED by EMPLOYEE,1
declaration 10265,Declaration SUBMITTED by EMPLOYEE,1
declaration 10324,Declaration SUBMITTED by EMPLOYEE,1
declaration 10495,Declaration SUBMITTED by EMPLOYEE,1
declaration 10603,Declaration SUBMITTED by EMPLOYEE,1
declaration 10718,Declaration SUBMITTED by EMPLOYEE,1
declaration 10721,Declaration SUBMITTED by EMPLOYEE,1
declaration 10886,Declaration SUBMITTED by EMPLOYEE,1
declaration 9106,Declaration SUBMITTED by EMPLOYEE,1
declaration 9173,Declaration SUBMITTED by EMPLOYEE,1
declaration 2139,Declaration SUBMITTED by EMPLOYEE,1
declaration 21346,Declaration SUBMITTED by EMPLOYEE,1
declaration 21331,Declaration SUBMITTED by EMPLOYEE,1
declaration 21316,Declaration SUBMITTED by EMPLOYEE,1
declaration 21271,Declaration SUBMITTED by EMPLOYEE,1
declaration 21161,Declaration SUBMITTED by EMPLOYEE,1
declaration 21063,Declaration SUBMITTED by EMPLOYEE,1
declaration 21040,Declaration SUBMITTED by EMPLOYEE,1
declaration 9630,Declaration SUBMITTED by EMPLOYEE,1
declaration 9592,Declaration SUBMITTED by EMPLOYEE,1
declaration 9529,Declaration SUBMITTED by EMPLOYEE,1
declaration 9503,Declaration SUBMITTED by EMPLOYEE,1
declaration 9450,Declaration SUBMITTED by EMPLOYEE,1
declaration 9384,Declaration SUBMITTED by EMPLOYEE,1
declaration 85848,Permit SUBMITTED by EMPLOYEE,1
declaration 8573,Declaration SUBMITTED by EMPLOYEE,1
declaration 36110,Declaration SUBMITTED by EMPLOYEE,1
declaration 35830,Permit SUBMITTED by EMPLOYEE,1
declaration 35803,Declaration SUBMITTED by EMPLOYEE,1
declaration 35787,Declaration SUBMITTED by EMPLOYEE,1
declaration 35771,Declaration SUBMITTED by EMPLOYEE,1
declaration 35753,Declaration SUBMITTED by EMPLOYEE,1
declaration 35713,Declaration SUBMITTED by EMPLOYEE,1
declaration 35688,Declaration SUBMITTED by EMPLOYEE,1
declaration 17891,Declaration SUBMITTED by EMPLOYEE,1
declaration 17841,Declaration SUBMITTED by EMPLOYEE,1
declaration 17771,Declaration SUBMITTED by EMPLOYEE,1
declaration 17664,Declaration SUBMITTED by EMPLOYEE,1
declaration 17551,Declaration SUBMITTED by EMPLOYEE,1
declaration 17534,Declaration SUBMITTED by EMPLOYEE,1
declaration 17519,Declaration SUBMITTED by EMPLOYEE,1
declaration 17286,Permit SUBMITTED by EMPLOYEE,1
declaration 36915,Permit SUBMITTED by EMPLOYEE,1
declaration 36869,Declaration SUBMITTED by EMPLOYEE,1
declaration 36750,Permit SUBMITTED by EMPLOYEE,1
declaration 36735,Declaration SUBMITTED by EMPLOYEE,1
declaration 36704,Declaration SUBMITTED by EMPLOYEE,1
declaration 36640,Declaration SUBMITTED by EMPLOYEE,1
declaration 36604,Declaration SUBMITTED by EMPLOYEE,1
declaration 36522,Declaration SUBMITTED by EMPLOYEE,1
declaration 36464,Declaration SUBMITTED by EMPLOYEE,1
declaration 36451,Declaration SUBMITTED by EMPLOYEE,1
declaration 36425,Declaration SUBMITTED by EMPLOYEE,1
declaration 36325,Declaration SUBMITTED by EMPLOYEE,1
declaration 36302,Declaration SUBMITTED by EMPLOYEE,1
declaration 36257,Declaration SUBMITTED by EMPLOYEE,1
declaration 36242,Declaration SUBMITTED by EMPLOYEE,1
declaration 36216,Declaration SUBMITTED by EMPLOYEE,1
declaration 35121,Declaration SUBMITTED by EMPLOYEE,1
declaration 35009,Declaration SUBMITTED by EMPLOYEE,1
declaration 34995,Declaration SUBMITTED by EMPLOYEE,1
declaration 34782,Declaration SUBMITTED by EMPLOYEE,1
declaration 34752,Declaration SUBMITTED by EMPLOYEE,1
declaration 34671,Declaration SUBMITTED by EMPLOYEE,1
declaration 34643,Declaration SUBMITTED by EMPLOYEE,1
declaration 34625,Declaration SUBMITTED by EMPLOYEE,1
declaration 34587,Declaration SUBMITTED by EMPLOYEE,1
declaration 34430,Declaration SUBMITTED by EMPLOYEE,1
declaration 34397,Declaration SUBMITTED by EMPLOYEE,1
declaration 34384,Declaration SUBMITTED by EMPLOYEE,1
declaration 37212,Declaration SUBMITTED by EMPLOYEE,1
declaration 37199,Declaration SUBMITTED by EMPLOYEE,1
declaration 37082,Declaration SUBMITTED by EMPLOYEE,1
declaration 36952,Declaration SUBMITTED by EMPLOYEE,1
declaration 38142,Declaration SUBMITTED by EMPLOYEE,1
declaration 3809,Declaration SUBMITTED by EMPLOYEE,1
declaration 38050,Declaration SUBMITTED by EMPLOYEE,1
declaration 37913,Declaration SUBMITTED by EMPLOYEE,1
declaration 37818,Declaration SUBMITTED by EMPLOYEE,1
declaration 37663,Declaration SUBMITTED by EMPLOYEE,1
declaration 3762,Declaration SUBMITTED by EMPLOYEE,1
declaration 37540,Declaration SUBMITTED by EMPLOYEE,1
declaration 37458,Declaration SUBMITTED by EMPLOYEE,1
declaration 37410,Declaration SUBMITTED by EMPLOYEE,1
declaration 37393,Declaration SUBMITTED by EMPLOYEE,1
declaration 37343,Declaration SUBMITTED by EMPLOYEE,1
declaration 3730,Declaration SUBMITTED by EMPLOYEE,1
declaration 37271,Declaration SUBMITTED by EMPLOYEE,1
declaration 3526,Declaration SUBMITTED by EMPLOYEE,1
declaration 35148,Declaration SUBMITTED by EMPLOYEE,1
declaration 39258,Declaration SUBMITTED by EMPLOYEE,1
declaration 39230,Declaration SUBMITTED by EMPLOYEE,1
declaration 39065,Declaration SUBMITTED by EMPLOYEE,1
declaration 38899,Declaration SUBMITTED by EMPLOYEE,1
declaration 38855,Declaration SUBMITTED by EMPLOYEE,1
declaration 38764,Declaration SUBMITTED by EMPLOYEE,1
declaration 38740,Declaration SUBMITTED by EMPLOYEE,1
declaration 38670,Declaration SUBMITTED by EMPLOYEE,1
declaration 38657,Declaration SUBMITTED by EMPLOYEE,1
declaration 38602,Declaration SUBMITTED by EMPLOYEE,1
declaration 38565,Permit SUBMITTED by EMPLOYEE,1
declaration 38531,Declaration SUBMITTED by EMPLOYEE,1
declaration 38480,Declaration SUBMITTED by EMPLOYEE,1
declaration 38451,Declaration SUBMITTED by EMPLOYEE,1
declaration 38351,Declaration SUBMITTED by EMPLOYEE,1
declaration 38246,Declaration SUBMITTED by EMPLOYEE,1
declaration 16408,Declaration SUBMITTED by EMPLOYEE,1
declaration 16262,Declaration SUBMITTED by EMPLOYEE,1
declaration 16041,Declaration SUBMITTED by EMPLOYEE,1
declaration 1597,Declaration SUBMITTED by EMPLOYEE,1
declaration 39789,Declaration SUBMITTED by EMPLOYEE,1
declaration 39756,Declaration SUBMITTED by EMPLOYEE,1
declaration 3972,Declaration SUBMITTED by EMPLOYEE,1
declaration 39700,Declaration SUBMITTED by EMPLOYEE,1
declaration 39653,Declaration SUBMITTED by EMPLOYEE,1
declaration 39512,Declaration SUBMITTED by EMPLOYEE,1
declaration 39450,Declaration SUBMITTED by EMPLOYEE,1
declaration 39433,Declaration SUBMITTED by EMPLOYEE,1
declaration 39417,Declaration SUBMITTED by EMPLOYEE,1
declaration 3940,Declaration SUBMITTED by EMPLOYEE,1
declaration 39355,Declaration SUBMITTED by EMPLOYEE,1
declaration 39308,Declaration SUBMITTED by EMPLOYEE,1
declaration 40517,Permit SUBMITTED by EMPLOYEE,1
declaration 40474,Declaration SUBMITTED by EMPLOYEE,1
declaration 40461,Declaration SUBMITTED by EMPLOYEE,1
declaration 40446,Declaration SUBMITTED by EMPLOYEE,1
declaration 40398,Declaration SUBMITTED by EMPLOYEE,1
declaration 40229,Declaration SUBMITTED by EMPLOYEE,1
declaration 40188,Declaration SUBMITTED by EMPLOYEE,1
declaration 40106,Declaration SUBMITTED by EMPLOYEE,1
declaration 39976,Declaration SUBMITTED by EMPLOYEE,1
declaration 1694,Declaration SUBMITTED by EMPLOYEE,1
declaration 16929,Declaration SUBMITTED by EMPLOYEE,1
declaration 16825,Declaration SUBMITTED by EMPLOYEE,1
declaration 16707,Declaration SUBMITTED by EMPLOYEE,1
declaration 1656,Declaration SUBMITTED by EMPLOYEE,1
declaration 16537,Permit SUBMITTED by EMPLOYEE,1
declaration 16462,Declaration SUBMITTED by EMPLOYEE,1
declaration 15466,Declaration SUBMITTED by EMPLOYEE,1
declaration 1544,Send Reminder,1
declaration 15436,Permit SUBMITTED by EMPLOYEE,1
declaration 15321,Declaration SUBMITTED by EMPLOYEE,1
declaration 15250,Declaration SUBMITTED by EMPLOYEE,1
declaration 41341,Declaration SUBMITTED by EMPLOYEE,1
declaration 41266,Declaration SUBMITTED by EMPLOYEE,1
declaration 41130,Declaration SUBMITTED by EMPLOYEE,1
declaration 41083,Declaration SUBMITTED by EMPLOYEE,1
declaration 41052,Declaration SUBMITTED by EMPLOYEE,1
declaration 41017,Declaration SUBMITTED by EMPLOYEE,1
declaration 40928,Declaration SUBMITTED by EMPLOYEE,1
declaration 40834,Declaration SUBMITTED by EMPLOYEE,1
declaration 4073,Declaration SUBMITTED by EMPLOYEE,1
declaration 40713,Declaration SUBMITTED by EMPLOYEE,1
declaration 40541,Declaration SUBMITTED by EMPLOYEE,1
declaration 34367,Declaration SUBMITTED by EMPLOYEE,1
declaration 34343,Declaration SUBMITTED by EMPLOYEE,1
declaration 34266,Declaration SUBMITTED by EMPLOYEE,1
declaration 34051,Declaration SUBMITTED by EMPLOYEE,1
declaration 34031,Declaration SUBMITTED by EMPLOYEE,1
declaration 33963,Declaration SUBMITTED by EMPLOYEE,1
declaration 33892,Declaration SUBMITTED by EMPLOYEE,1
declaration 33852,Declaration SUBMITTED by EMPLOYEE,1
declaration 33782,Declaration SUBMITTED by EMPLOYEE,1
declaration 33674,Declaration SUBMITTED by EMPLOYEE,1
declaration 33577,Declaration SUBMITTED by EMPLOYEE,1
declaration 33533,Declaration SUBMITTED by EMPLOYEE,1
declaration 15657,Declaration SUBMITTED by EMPLOYEE,1
declaration 1555,Declaration SUBMITTED by EMPLOYEE,1
declaration 15510,Declaration SUBMITTED by EMPLOYEE,1
declaration 15492,Declaration SUBMITTED by EMPLOYEE,1
declaration 42749,Declaration SUBMITTED by EMPLOYEE,1
declaration 42457,Declaration SUBMITTED by EMPLOYEE,1
declaration 42440,Declaration SUBMITTED by EMPLOYEE,1
declaration 42425,Declaration SUBMITTED by EMPLOYEE,1
declaration 42201,Declaration SUBMITTED by EMPLOYEE,1
declaration 41906,Declaration SUBMITTED by EMPLOYEE,1
declaration 41858,Declaration SUBMITTED by EMPLOYEE,1
declaration 41757,Declaration SUBMITTED by EMPLOYEE,1
declaration 41744,Declaration SUBMITTED by EMPLOYEE,1
declaration 41706,Declaration SUBMITTED by EMPLOYEE,1
declaration 41693,Declaration SUBMITTED by EMPLOYEE,1
declaration 41680,Declaration SUBMITTED by EMPLOYEE,1
declaration 41612,Declaration SUBMITTED by EMPLOYEE,1
declaration 41503,Declaration SUBMITTED by EMPLOYEE,1
declaration 41456,Declaration SUBMITTED by EMPLOYEE,1
declaration 15753,Declaration SUBMITTED by EMPLOYEE,1
declaration 43755,Declaration SUBMITTED by EMPLOYEE,1
declaration 43745,Send Reminder,1
declaration 43682,Declaration SUBMITTED by EMPLOYEE,1
declaration 43645,Declaration SUBMITTED by EMPLOYEE,1
declaration 43608,Declaration SUBMITTED by EMPLOYEE,1
declaration 43580,Declaration SUBMITTED by EMPLOYEE,1
declaration 43475,Declaration SUBMITTED by EMPLOYEE,1
declaration 4340,Declaration SUBMITTED by EMPLOYEE,1
declaration 43342,Declaration SUBMITTED by EMPLOYEE,1
declaration 43289,Declaration SUBMITTED by EMPLOYEE,1
declaration 4326,Declaration SUBMITTED by EMPLOYEE,1
declaration 43144,Declaration SUBMITTED by EMPLOYEE,1
declaration 4295,Declaration SUBMITTED by EMPLOYEE,1
declaration 42920,Declaration SUBMITTED by EMPLOYEE,1
declaration 42874,Declaration SUBMITTED by EMPLOYEE,1
declaration 42787,Declaration SUBMITTED by EMPLOYEE,1
declaration 14824,Declaration SUBMITTED by EMPLOYEE,1
declaration 147514,Declaration SUBMITTED by EMPLOYEE,1
declaration 147487,Declaration SUBMITTED by EMPLOYEE,1
declaration 147425,Declaration SUBMITTED by EMPLOYEE,1
declaration 44244,Declaration SUBMITTED by EMPLOYEE,1
declaration 44177,Declaration SUBMITTED by EMPLOYEE,1
declaration 4417,Declaration SUBMITTED by EMPLOYEE,1
declaration 44067,Declaration SUBMITTED by EMPLOYEE,1
declaration 44042,Send Reminder,1
declaration 44015,Declaration SUBMITTED by EMPLOYEE,1
declaration 4400,Declaration SUBMITTED by EMPLOYEE,1
declaration 43932,Declaration SUBMITTED by EMPLOYEE,1
declaration 43903,Declaration SUBMITTED by EMPLOYEE,1
declaration 43889,Declaration SUBMITTED by EMPLOYEE,1
declaration 43811,Declaration SUBMITTED by EMPLOYEE,1
declaration 43774,Declaration SUBMITTED by EMPLOYEE,1
declaration 45001,Declaration SUBMITTED by EMPLOYEE,1
declaration 44846,Declaration SUBMITTED by EMPLOYEE,1
declaration 44833,Declaration SUBMITTED by EMPLOYEE,1
declaration 44802,Declaration SUBMITTED by EMPLOYEE,1
declaration 44750,Declaration SUBMITTED by EMPLOYEE,1
declaration 44734,Declaration SUBMITTED by EMPLOYEE,1
declaration 44692,Permit SUBMITTED by EMPLOYEE,1
declaration 44646,Declaration SUBMITTED by EMPLOYEE,1
declaration 44490,Declaration SUBMITTED by EMPLOYEE,1
declaration 44474,Declaration SUBMITTED by EMPLOYEE,1
declaration 15168,Permit SUBMITTED by EMPLOYEE,1
declaration 15105,Declaration SUBMITTED by EMPLOYEE,1
declaration 15080,Declaration SUBMITTED by EMPLOYEE,1
declaration 15037,Permit SUBMITTED by EMPLOYEE,1
declaration 1501,Declaration SUBMITTED by EMPLOYEE,1
declaration 14933,Declaration SUBMITTED by EMPLOYEE,1
declaration 147187,Declaration SUBMITTED by EMPLOYEE,1
declaration 147127,Declaration SUBMITTED by EMPLOYEE,1
declaration 14712,Declaration SUBMITTED by EMPLOYEE,1
declaration 147116,Declaration SUBMITTED by EMPLOYEE,1
declaration 147083,Declaration SUBMITTED by EMPLOYEE,1
declaration 147073,Declaration SUBMITTED by EMPLOYEE,1
declaration 147053,Declaration SUBMITTED by EMPLOYEE,1
declaration 147028,Declaration SUBMITTED by EMPLOYEE,1
declaration 45986,Declaration SUBMITTED by EMPLOYEE,1
declaration 45959,Declaration SUBMITTED by EMPLOYEE,1
declaration 45728,Declaration SUBMITTED by EMPLOYEE,1
declaration 45607,Declaration SUBMITTED by EMPLOYEE,1
declaration 45537,Declaration SUBMITTED by EMPLOYEE,1
declaration 45297,Declaration SUBMITTED by EMPLOYEE,1
declaration 45014,Declaration SUBMITTED by EMPLOYEE,1
declaration 4501,Declaration SUBMITTED by EMPLOYEE,1
declaration 147313,Declaration SUBMITTED by EMPLOYEE,1
declaration 33365,Declaration SUBMITTED by EMPLOYEE,1
declaration 33332,Declaration SUBMITTED by EMPLOYEE,1
declaration 33204,Declaration SUBMITTED by EMPLOYEE,1
declaration 33106,Permit SUBMITTED by EMPLOYEE,1
declaration 33104,Permit SUBMITTED by EMPLOYEE,1
declaration 33059,Permit SUBMITTED by EMPLOYEE,1
declaration 33010,Declaration SUBMITTED by EMPLOYEE,1
declaration 32985,Declaration SUBMITTED by EMPLOYEE,1
declaration 32970,Permit SUBMITTED by EMPLOYEE,1
declaration 32927,Declaration SUBMITTED by EMPLOYEE,1
declaration 32825,Declaration SUBMITTED by EMPLOYEE,1
declaration 32779,Declaration SUBMITTED by EMPLOYEE,1
declaration 32756,Permit SUBMITTED by EMPLOYEE,1
declaration 147263,Declaration SUBMITTED by EMPLOYEE,1
declaration 147198,Declaration SUBMITTED by EMPLOYEE,1
declaration 4717,Declaration SUBMITTED by EMPLOYEE,1
declaration 47106,Declaration SUBMITTED by EMPLOYEE,1
declaration 47073,Declaration SUBMITTED by EMPLOYEE,1
declaration 46991,Declaration SUBMITTED by EMPLOYEE,1
declaration 46974,Declaration SUBMITTED by EMPLOYEE,1
declaration 46871,Declaration SUBMITTED by EMPLOYEE,1
declaration 46708,Declaration SUBMITTED by EMPLOYEE,1
declaration 4666,Declaration SUBMITTED by EMPLOYEE,1
declaration 46552,Declaration SUBMITTED by EMPLOYEE,1
declaration 46528,Declaration SUBMITTED by EMPLOYEE,1
declaration 46383,Declaration SUBMITTED by EMPLOYEE,1
declaration 46309,Declaration SUBMITTED by EMPLOYEE,1
declaration 46221,Declaration SUBMITTED by EMPLOYEE,1
declaration 46025,Declaration SUBMITTED by EMPLOYEE,1
declaration 46006,Declaration SUBMITTED by EMPLOYEE,1
declaration 147325,Declaration SUBMITTED by EMPLOYEE,1
declaration 48191,Declaration SUBMITTED by EMPLOYEE,1
declaration 4811,Permit SUBMITTED by EMPLOYEE,1
declaration 48015,Declaration SUBMITTED by EMPLOYEE,1
declaration 47902,Declaration SUBMITTED by EMPLOYEE,1
declaration 47836,Declaration SUBMITTED by EMPLOYEE,1
declaration 47772,Declaration SUBMITTED by EMPLOYEE,1
declaration 47659,Declaration SUBMITTED by EMPLOYEE,1
declaration 4758,Declaration SUBMITTED by EMPLOYEE,1
declaration 47566,Declaration SUBMITTED by EMPLOYEE,1
declaration 47499,Declaration SUBMITTED by EMPLOYEE,1
declaration 47452,Declaration SUBMITTED by EMPLOYEE,1
declaration 4745,Declaration SUBMITTED by EMPLOYEE,1
declaration 47431,Declaration SUBMITTED by EMPLOYEE,1
declaration 47266,Declaration SUBMITTED by EMPLOYEE,1
declaration 47235,Declaration SUBMITTED by EMPLOYEE,1
declaration 47191,Declaration SUBMITTED by EMPLOYEE,1
declaration 49599,Declaration SUBMITTED by EMPLOYEE,1
declaration 4958,Declaration SUBMITTED by EMPLOYEE,1
declaration 49543,Permit SUBMITTED by EMPLOYEE,1
declaration 49503,Declaration SUBMITTED by EMPLOYEE,1
declaration 49490,Declaration SUBMITTED by EMPLOYEE,1
declaration 49375,Declaration SUBMITTED by EMPLOYEE,1
declaration 49273,Declaration SUBMITTED by EMPLOYEE,1
declaration 48907,Declaration SUBMITTED by EMPLOYEE,1
declaration 4881,Declaration SUBMITTED by EMPLOYEE,1
declaration 48796,Declaration SUBMITTED by EMPLOYEE,1
declaration 48750,Permit SUBMITTED by EMPLOYEE,1
declaration 48728,Declaration SUBMITTED by EMPLOYEE,1
declaration 4851,Declaration SUBMITTED by EMPLOYEE,1
declaration 48405,Declaration SUBMITTED by EMPLOYEE,1
declaration 48378,Declaration SUBMITTED by EMPLOYEE,1
declaration 48237,Declaration SUBMITTED by EMPLOYEE,1
declaration 32640,Declaration SUBMITTED by EMPLOYEE,1
declaration 32541,Declaration SUBMITTED by EMPLOYEE,1
declaration 3252,Declaration SUBMITTED by EMPLOYEE,1
declaration 32424,Declaration SUBMITTED by EMPLOYEE,1
declaration 3239,Declaration SUBMITTED by EMPLOYEE,1
declaration 32360,Declaration SUBMITTED by EMPLOYEE,1
declaration 32323,Declaration SUBMITTED by EMPLOYEE,1
declaration 32185,Declaration SUBMITTED by EMPLOYEE,1
declaration 32148,Declaration SUBMITTED by EMPLOYEE,1
declaration 32039,Declaration SUBMITTED by EMPLOYEE,1
declaration 32016,Declaration SUBMITTED by EMPLOYEE,1
declaration 31815,Declaration SUBMITTED by EMPLOYEE,1
declaration 49926,Declaration SUBMITTED by EMPLOYEE,1
declaration 49879,Declaration SUBMITTED by EMPLOYEE,1
declaration 49768,Declaration SUBMITTED by EMPLOYEE,1
declaration 49755,Declaration SUBMITTED by EMPLOYEE,1
declaration 51355,Declaration SUBMITTED by EMPLOYEE,1
declaration 51342,Declaration SUBMITTED by EMPLOYEE,1
declaration 51307,Declaration SUBMITTED by EMPLOYEE,1
declaration 5108,Declaration SUBMITTED by EMPLOYEE,1
declaration 51073,Declaration SUBMITTED by EMPLOYEE,1
declaration 50941,Declaration SUBMITTED by EMPLOYEE,1
declaration 506,Declaration SUBMITTED by EMPLOYEE,1
declaration 50447,Declaration SUBMITTED by EMPLOYEE,1
declaration 50416,Declaration SUBMITTED by EMPLOYEE,1
declaration 50363,Declaration SUBMITTED by EMPLOYEE,1
declaration 5034,Permit SUBMITTED by EMPLOYEE,1
declaration 50287,Declaration SUBMITTED by EMPLOYEE,1
declaration 50187,Declaration SUBMITTED by EMPLOYEE,1
declaration 50110,Permit SUBMITTED by EMPLOYEE,1
declaration 50041,Declaration SUBMITTED by EMPLOYEE,1
declaration 49994,Declaration SUBMITTED by EMPLOYEE,1
declaration 146396,Declaration SUBMITTED by EMPLOYEE,1
declaration 146372,Declaration SUBMITTED by EMPLOYEE,1
declaration 146343,Declaration SUBMITTED by EMPLOYEE,1
declaration 52194,Declaration SUBMITTED by EMPLOYEE,1
declaration 52152,Declaration SUBMITTED by EMPLOYEE,1
declaration 52122,Declaration SUBMITTED by EMPLOYEE,1
declaration 52045,Declaration SUBMITTED by EMPLOYEE,1
declaration 5191,Declaration SUBMITTED by EMPLOYEE,1
declaration 51909,Declaration SUBMITTED by EMPLOYEE,1
declaration 51894,Declaration SUBMITTED by EMPLOYEE,1
declaration 51854,Declaration SUBMITTED by EMPLOYEE,1
declaration 51820,Declaration SUBMITTED by EMPLOYEE,1
declaration 51668,Declaration SUBMITTED by EMPLOYEE,1
declaration 51612,Declaration SUBMITTED by EMPLOYEE,1
declaration 51477,Declaration SUBMITTED by EMPLOYEE,1
declaration 51368,Permit SUBMITTED by EMPLOYEE,1
declaration 52428,Declaration SUBMITTED by EMPLOYEE,1
declaration 52272,Declaration SUBMITTED by EMPLOYEE,1
declaration 52243,Declaration SUBMITTED by EMPLOYEE,1
declaration 52207,Declaration SUBMITTED by EMPLOYEE,1
declaration 147001,Declaration SUBMITTED by EMPLOYEE,1
declaration 146954,Declaration SUBMITTED by EMPLOYEE,1
declaration 146906,Declaration SUBMITTED by EMPLOYEE,1
declaration 146894,Declaration SUBMITTED by EMPLOYEE,1
declaration 146861,Declaration SUBMITTED by EMPLOYEE,1
declaration 146628,Declaration SUBMITTED by EMPLOYEE,1
declaration 146561,Declaration SUBMITTED by EMPLOYEE,1
declaration 146535,Declaration SUBMITTED by EMPLOYEE,1
declaration 146517,Declaration SUBMITTED by EMPLOYEE,1
declaration 146488,Declaration SUBMITTED by EMPLOYEE,1
declaration 146426,Declaration SUBMITTED by EMPLOYEE,1
declaration 146407,Declaration SUBMITTED by EMPLOYEE,1
declaration 53861,Declaration SUBMITTED by EMPLOYEE,1
declaration 53791,Declaration SUBMITTED by EMPLOYEE,1
declaration 53724,Declaration SUBMITTED by EMPLOYEE,1
declaration 53547,Declaration SUBMITTED by EMPLOYEE,1
declaration 53519,Declaration SUBMITTED by EMPLOYEE,1
declaration 53465,Declaration SUBMITTED by EMPLOYEE,1
declaration 53450,Declaration SUBMITTED by EMPLOYEE,1
declaration 53326,Declaration SUBMITTED by EMPLOYEE,1
declaration 53305,Declaration SUBMITTED by EMPLOYEE,1
declaration 53288,Declaration SUBMITTED by EMPLOYEE,1
declaration 53072,Declaration SUBMITTED by EMPLOYEE,1
declaration 52853,Declaration SUBMITTED by EMPLOYEE,1
declaration 52734,Declaration SUBMITTED by EMPLOYEE,1
declaration 52719,Declaration SUBMITTED by EMPLOYEE,1
declaration 52561,Declaration SUBMITTED by EMPLOYEE,1
declaration 52443,Declaration SUBMITTED by EMPLOYEE,1
declaration 55009,Declaration SUBMITTED by EMPLOYEE,1
declaration 54926,Declaration SUBMITTED by EMPLOYEE,1
declaration 54873,Declaration SUBMITTED by EMPLOYEE,1
declaration 54855,Declaration SUBMITTED by EMPLOYEE,1
declaration 54830,Declaration SUBMITTED by EMPLOYEE,1
declaration 54660,Declaration SUBMITTED by EMPLOYEE,1
declaration 54622,Declaration SUBMITTED by EMPLOYEE,1
declaration 5459,Declaration SUBMITTED by EMPLOYEE,1
declaration 54479,Declaration SUBMITTED by EMPLOYEE,1
declaration 54271,Declaration SUBMITTED by EMPLOYEE,1
declaration 54151,Declaration SUBMITTED by EMPLOYEE,1
declaration 54120,Declaration SUBMITTED by EMPLOYEE,1
declaration 5408,Declaration SUBMITTED by EMPLOYEE,1
declaration 54057,Declaration SUBMITTED by EMPLOYEE,1
declaration 54016,Declaration SUBMITTED by EMPLOYEE,1
declaration 53902,Declaration SUBMITTED by EMPLOYEE,1
declaration 56057,Declaration SUBMITTED by EMPLOYEE,1
declaration 56022,Declaration SUBMITTED by EMPLOYEE,1
declaration 55915,Declaration SUBMITTED by EMPLOYEE,1
declaration 5584,Declaration SUBMITTED by EMPLOYEE,1
declaration 55796,Permit SUBMITTED by EMPLOYEE,1
declaration 55761,Declaration SUBMITTED by EMPLOYEE,1
declaration 5570,Declaration SUBMITTED by EMPLOYEE,1
declaration 55438,Declaration SUBMITTED by EMPLOYEE,1
declaration 55413,Declaration SUBMITTED by EMPLOYEE,1
declaration 55400,Declaration SUBMITTED by EMPLOYEE,1
declaration 55276,Declaration SUBMITTED by EMPLOYEE,1
declaration 55197,Declaration SUBMITTED by EMPLOYEE,1
declaration 55182,Declaration SUBMITTED by EMPLOYEE,1
declaration 55116,Declaration SUBMITTED by EMPLOYEE,1
declaration 55037,Declaration SUBMITTED by EMPLOYEE,1
declaration 55024,Declaration SUBMITTED by EMPLOYEE,1
declaration 5712,Declaration SUBMITTED by EMPLOYEE,1
declaration 57118,Permit SUBMITTED by EMPLOYEE,1
declaration 5698,Declaration SUBMITTED by EMPLOYEE,1
declaration 5682,Declaration SUBMITTED by EMPLOYEE,1
declaration 56818,Declaration SUBMITTED by EMPLOYEE,1
declaration 56716,Declaration SUBMITTED by EMPLOYEE,1
declaration 56698,Declaration SUBMITTED by EMPLOYEE,1
declaration 56685,Declaration SUBMITTED by EMPLOYEE,1
declaration 5665,Declaration SUBMITTED by EMPLOYEE,1
declaration 56636,Declaration SUBMITTED by EMPLOYEE,1
declaration 56557,Declaration SUBMITTED by EMPLOYEE,1
declaration 56544,Declaration SUBMITTED by EMPLOYEE,1
declaration 56519,Declaration SUBMITTED by EMPLOYEE,1
declaration 56496,Declaration SUBMITTED by EMPLOYEE,1
declaration 56238,Declaration SUBMITTED by EMPLOYEE,1
declaration 5610,Declaration SUBMITTED by EMPLOYEE,1
declaration 3171,Declaration SUBMITTED by EMPLOYEE,1
declaration 31697,Send Reminder,1
declaration 57195,Declaration SUBMITTED by EMPLOYEE,1
declaration 146145,Declaration SUBMITTED by EMPLOYEE,1
declaration 146100,Declaration SUBMITTED by EMPLOYEE,1
declaration 146090,Declaration SUBMITTED by EMPLOYEE,1
declaration 146080,Declaration SUBMITTED by EMPLOYEE,1
declaration 146068,Declaration SUBMITTED by EMPLOYEE,1
declaration 145931,Declaration SUBMITTED by EMPLOYEE,1
declaration 145913,Declaration SUBMITTED by EMPLOYEE,1
declaration 145748,Declaration SUBMITTED by EMPLOYEE,1
declaration 145703,Declaration SUBMITTED by EMPLOYEE,1
declaration 145657,Declaration SUBMITTED by EMPLOYEE,1
declaration 14557,Declaration SUBMITTED by EMPLOYEE,1
declaration 57168,Declaration SUBMITTED by EMPLOYEE,1
declaration 57143,Declaration SUBMITTED by EMPLOYEE,1
declaration 57445,Declaration SUBMITTED by EMPLOYEE,1
declaration 57312,Declaration SUBMITTED by EMPLOYEE,1
declaration 18581,Declaration SUBMITTED by EMPLOYEE,1
declaration 18538,Declaration SUBMITTED by EMPLOYEE,1
declaration 1851,Declaration SUBMITTED by EMPLOYEE,1
declaration 18468,Declaration SUBMITTED by EMPLOYEE,1
declaration 18428,Declaration SUBMITTED by EMPLOYEE,1
declaration 18415,Declaration SUBMITTED by EMPLOYEE,1
declaration 1838,Declaration SUBMITTED by EMPLOYEE,1
declaration 18313,Declaration SUBMITTED by EMPLOYEE,1
declaration 1817,Declaration SUBMITTED by EMPLOYEE,1
declaration 18111,Declaration SUBMITTED by EMPLOYEE,1
declaration 18062,Declaration SUBMITTED by EMPLOYEE,1
declaration 18042,Declaration SUBMITTED by EMPLOYEE,1
declaration 17922,Declaration SUBMITTED by EMPLOYEE,1
declaration 31796,Declaration SUBMITTED by EMPLOYEE,1
declaration 58689,Declaration SUBMITTED by EMPLOYEE,1
declaration 58585,Declaration SUBMITTED by EMPLOYEE,1
declaration 58433,Declaration SUBMITTED by EMPLOYEE,1
declaration 5834,Declaration SUBMITTED by EMPLOYEE,1
declaration 58155,Declaration SUBMITTED by EMPLOYEE,1
declaration 58142,Declaration SUBMITTED by EMPLOYEE,1
declaration 58007,Declaration SUBMITTED by EMPLOYEE,1
declaration 57913,Declaration SUBMITTED by EMPLOYEE,1
declaration 57876,Permit SUBMITTED by EMPLOYEE,1
declaration 57847,Declaration SUBMITTED by EMPLOYEE,1
declaration 57740,Declaration SUBMITTED by EMPLOYEE,1
declaration 5773,Declaration SUBMITTED by EMPLOYEE,1
declaration 57715,Declaration SUBMITTED by EMPLOYEE,1
declaration 57652,Declaration SUBMITTED by EMPLOYEE,1
declaration 5759,Declaration SUBMITTED by EMPLOYEE,1
declaration 57586,Declaration SUBMITTED by EMPLOYEE,1
declaration 59703,Permit SUBMITTED by EMPLOYEE,1
declaration 59678,Declaration SUBMITTED by EMPLOYEE,1
declaration 59554,Declaration SUBMITTED by EMPLOYEE,1
declaration 59496,Declaration SUBMITTED by EMPLOYEE,1
declaration 59471,Declaration SUBMITTED by EMPLOYEE,1
declaration 59324,Declaration SUBMITTED by EMPLOYEE,1
declaration 59291,Declaration SUBMITTED by EMPLOYEE,1
declaration 5927,Declaration SUBMITTED by EMPLOYEE,1
declaration 59133,Declaration SUBMITTED by EMPLOYEE,1
declaration 59089,Declaration SUBMITTED by EMPLOYEE,1
declaration 59071,Declaration SUBMITTED by EMPLOYEE,1
declaration 58830,Declaration SUBMITTED by EMPLOYEE,1
declaration 58787,Permit SUBMITTED by EMPLOYEE,1
declaration 58762,Declaration SUBMITTED by EMPLOYEE,1
declaration 58749,Declaration SUBMITTED by EMPLOYEE,1
declaration 58702,Declaration SUBMITTED by EMPLOYEE,1
declaration 60536,Permit SUBMITTED by EMPLOYEE,1
declaration 60517,Declaration SUBMITTED by EMPLOYEE,1
declaration 60459,Declaration SUBMITTED by EMPLOYEE,1
declaration 60399,Declaration SUBMITTED by EMPLOYEE,1
declaration 60302,Declaration SUBMITTED by EMPLOYEE,1
declaration 60276,Declaration SUBMITTED by EMPLOYEE,1
declaration 60204,Declaration SUBMITTED by EMPLOYEE,1
declaration 6011,Declaration SUBMITTED by EMPLOYEE,1
declaration 60096,Declaration SUBMITTED by EMPLOYEE,1
declaration 60081,Declaration SUBMITTED by EMPLOYEE,1
declaration 5998,Declaration SUBMITTED by EMPLOYEE,1
declaration 59963,Declaration SUBMITTED by EMPLOYEE,1
declaration 59925,Declaration SUBMITTED by EMPLOYEE,1
declaration 5985,Declaration SUBMITTED by EMPLOYEE,1
declaration 59809,Declaration SUBMITTED by EMPLOYEE,1
declaration 59726,Declaration SUBMITTED by EMPLOYEE,1
declaration 31646,Declaration SUBMITTED by EMPLOYEE,1
declaration 31595,Declaration SUBMITTED by EMPLOYEE,1
declaration 31525,Declaration SUBMITTED by EMPLOYEE,1
declaration 31495,Send Reminder,1
declaration 31410,Declaration SUBMITTED by EMPLOYEE,1
declaration 31348,Declaration SUBMITTED by EMPLOYEE,1
declaration 31259,Declaration SUBMITTED by EMPLOYEE,1
declaration 31205,Declaration SUBMITTED by EMPLOYEE,1
declaration 31040,Declaration SUBMITTED by EMPLOYEE,1
declaration 31022,Declaration SUBMITTED by EMPLOYEE,1
declaration 30950,Declaration SUBMITTED by EMPLOYEE,1
declaration 30918,Declaration SUBMITTED by EMPLOYEE,1
declaration 30843,Declaration SUBMITTED by EMPLOYEE,1
declaration 30730,Declaration SUBMITTED by EMPLOYEE,1
declaration 60662,Declaration SUBMITTED by EMPLOYEE,1
declaration 60639,Declaration SUBMITTED by EMPLOYEE,1
declaration 145296,Declaration SUBMITTED by EMPLOYEE,1
declaration 145243,Declaration SUBMITTED by EMPLOYEE,1
declaration 145165,Declaration SUBMITTED by EMPLOYEE,1
declaration 144860,Declaration SUBMITTED by EMPLOYEE,1
declaration 6159,Declaration SUBMITTED by EMPLOYEE,1
declaration 61566,Declaration SUBMITTED by EMPLOYEE,1
declaration 61483,Declaration SUBMITTED by EMPLOYEE,1
declaration 61460,Declaration SUBMITTED by EMPLOYEE,1
declaration 61365,Declaration SUBMITTED by EMPLOYEE,1
declaration 61146,Declaration SUBMITTED by EMPLOYEE,1
declaration 60987,Declaration SUBMITTED by EMPLOYEE,1
declaration 60964,Permit SUBMITTED by EMPLOYEE,1
declaration 60859,Declaration SUBMITTED by EMPLOYEE,1
declaration 60698,Declaration SUBMITTED by EMPLOYEE,1
declaration 60675,Declaration SUBMITTED by EMPLOYEE,1
declaration 31684,Declaration SUBMITTED by EMPLOYEE,1
declaration 6237,Declaration SUBMITTED by EMPLOYEE,1
declaration 62341,Declaration SUBMITTED by EMPLOYEE,1
declaration 62288,Declaration SUBMITTED by EMPLOYEE,1
declaration 62252,Declaration SUBMITTED by EMPLOYEE,1
declaration 62239,Declaration SUBMITTED by EMPLOYEE,1
declaration 62108,Permit SUBMITTED by EMPLOYEE,1
declaration 62043,Declaration SUBMITTED by EMPLOYEE,1
declaration 61878,Declaration SUBMITTED by EMPLOYEE,1
declaration 61801,Declaration SUBMITTED by EMPLOYEE,1
declaration 61639,Declaration SUBMITTED by EMPLOYEE,1
declaration 145558,Declaration SUBMITTED by EMPLOYEE,1
declaration 145466,Declaration SUBMITTED by EMPLOYEE,1
declaration 145427,Declaration SUBMITTED by EMPLOYEE,1
declaration 145416,Declaration SUBMITTED by EMPLOYEE,1
declaration 145398,Declaration SUBMITTED by EMPLOYEE,1
declaration 145355,Declaration SUBMITTED by EMPLOYEE,1
declaration 63349,Declaration SUBMITTED by EMPLOYEE,1
declaration 63312,Declaration SUBMITTED by EMPLOYEE,1
declaration 63267,Declaration SUBMITTED by EMPLOYEE,1
declaration 6323,Permit SUBMITTED by EMPLOYEE,1
declaration 63218,Declaration SUBMITTED by EMPLOYEE,1
declaration 63171,Declaration SUBMITTED by EMPLOYEE,1
declaration 63066,Declaration SUBMITTED by EMPLOYEE,1
declaration 63016,Declaration SUBMITTED by EMPLOYEE,1
declaration 62981,Declaration SUBMITTED by EMPLOYEE,1
declaration 62936,Declaration SUBMITTED by EMPLOYEE,1
declaration 62899,Declaration SUBMITTED by EMPLOYEE,1
declaration 62806,Declaration SUBMITTED by EMPLOYEE,1
declaration 62676,Declaration SUBMITTED by EMPLOYEE,1
declaration 62615,Declaration SUBMITTED by EMPLOYEE,1
declaration 62541,Declaration SUBMITTED by EMPLOYEE,1
declaration 6253,Declaration SUBMITTED by EMPLOYEE,1
declaration 63482,Declaration SUBMITTED by EMPLOYEE,1
declaration 30677,Declaration SUBMITTED by EMPLOYEE,1
declaration 30598,Declaration SUBMITTED by EMPLOYEE,1
declaration 30479,Declaration SUBMITTED by EMPLOYEE,1
declaration 3045,Declaration SUBMITTED by EMPLOYEE,1
declaration 30443,Declaration SUBMITTED by EMPLOYEE,1
declaration 30381,Permit SUBMITTED by EMPLOYEE,1
declaration 30360,Declaration SUBMITTED by EMPLOYEE,1
declaration 30273,Declaration SUBMITTED by EMPLOYEE,1
declaration 30231,Declaration SUBMITTED by EMPLOYEE,1
declaration 30154,Declaration SUBMITTED by EMPLOYEE,1
declaration 30070,Declaration SUBMITTED by EMPLOYEE,1
declaration 29996,Declaration SUBMITTED by EMPLOYEE,1
declaration 29900,Declaration SUBMITTED by EMPLOYEE,1
declaration 2990,Declaration SUBMITTED by EMPLOYEE,1
declaration 63405,Declaration SUBMITTED by EMPLOYEE,1
declaration 64547,Permit SUBMITTED by EMPLOYEE,1
declaration 64456,Declaration SUBMITTED by EMPLOYEE,1
declaration 64443,Declaration SUBMITTED by EMPLOYEE,1
declaration 64374,Declaration SUBMITTED by EMPLOYEE,1
declaration 64360,Declaration SUBMITTED by EMPLOYEE,1
declaration 64036,Declaration SUBMITTED by EMPLOYEE,1
declaration 63991,Declaration SUBMITTED by EMPLOYEE,1
declaration 63975,Permit SUBMITTED by EMPLOYEE,1
declaration 63895,Declaration SUBMITTED by EMPLOYEE,1
declaration 63819,Declaration SUBMITTED by EMPLOYEE,1
declaration 63740,Declaration SUBMITTED by EMPLOYEE,1
declaration 63688,Declaration SUBMITTED by EMPLOYEE,1
declaration 63617,Declaration SUBMITTED by EMPLOYEE,1
declaration 63592,Declaration SUBMITTED by EMPLOYEE,1
declaration 63579,Declaration SUBMITTED by EMPLOYEE,1
declaration 63519,Declaration SUBMITTED by EMPLOYEE,1
declaration 144269,Declaration SUBMITTED by EMPLOYEE,1
declaration 144012,Declaration SUBMITTED by EMPLOYEE,1
declaration 143885,Declaration SUBMITTED by EMPLOYEE,1
declaration 14358,Declaration SUBMITTED by EMPLOYEE,1
declaration 143502,Declaration SUBMITTED by EMPLOYEE,1
declaration 65318,Send Reminder,1
declaration 65252,Permit SUBMITTED by EMPLOYEE,1
declaration 65217,Declaration SUBMITTED by EMPLOYEE,1
declaration 65146,Declaration SUBMITTED by EMPLOYEE,1
declaration 65133,Declaration SUBMITTED by EMPLOYEE,1
declaration 65117,Declaration SUBMITTED by EMPLOYEE,1
declaration 65030,Declaration SUBMITTED by EMPLOYEE,1
declaration 64931,Declaration SUBMITTED by EMPLOYEE,1
declaration 64831,Declaration SUBMITTED by EMPLOYEE,1
declaration 64706,Declaration SUBMITTED by EMPLOYEE,1
declaration 64645,Declaration SUBMITTED by EMPLOYEE,1
declaration 66284,Permit SUBMITTED by EMPLOYEE,1
declaration 66267,Declaration SUBMITTED by EMPLOYEE,1
declaration 66020,Declaration SUBMITTED by EMPLOYEE,1
declaration 65958,Declaration SUBMITTED by EMPLOYEE,1
declaration 65894,Declaration SUBMITTED by EMPLOYEE,1
declaration 65871,Send Reminder,1
declaration 6582,Declaration SUBMITTED by EMPLOYEE,1
declaration 65627,Declaration SUBMITTED by EMPLOYEE,1
declaration 65557,Declaration SUBMITTED by EMPLOYEE,1
declaration 65484,Declaration SUBMITTED by EMPLOYEE,1
declaration 65471,Permit SUBMITTED by EMPLOYEE,1
declaration 65354,Declaration SUBMITTED by EMPLOYEE,1
declaration 65337,Declaration SUBMITTED by EMPLOYEE,1
declaration 144633,Declaration SUBMITTED by EMPLOYEE,1
declaration 144624,Declaration SUBMITTED by EMPLOYEE,1
declaration 144437,Declaration SUBMITTED by EMPLOYEE,1
declaration 67311,Declaration SUBMITTED by EMPLOYEE,1
declaration 67219,Declaration SUBMITTED by EMPLOYEE,1
declaration 67201,Declaration SUBMITTED by EMPLOYEE,1
declaration 67174,Declaration SUBMITTED by EMPLOYEE,1
declaration 67137,Declaration SUBMITTED by EMPLOYEE,1
declaration 6707,Declaration SUBMITTED by EMPLOYEE,1
declaration 66946,Declaration SUBMITTED by EMPLOYEE,1
declaration 66887,Declaration SUBMITTED by EMPLOYEE,1
declaration 66810,Declaration SUBMITTED by EMPLOYEE,1
declaration 66808,Declaration SUBMITTED by EMPLOYEE,1
declaration 66758,Declaration SUBMITTED by EMPLOYEE,1
declaration 66669,Declaration SUBMITTED by EMPLOYEE,1
declaration 66500,Declaration SUBMITTED by EMPLOYEE,1
declaration 66466,Declaration SUBMITTED by EMPLOYEE,1
declaration 66327,Declaration SUBMITTED by EMPLOYEE,1
declaration 66301,Declaration SUBMITTED by EMPLOYEE,1
declaration 67654,Send Reminder,1
declaration 67547,Declaration SUBMITTED by EMPLOYEE,1
declaration 29680,Declaration SUBMITTED by EMPLOYEE,1
declaration 29639,Declaration SUBMITTED by EMPLOYEE,1
declaration 2962,Declaration SUBMITTED by EMPLOYEE,1
declaration 29595,Declaration SUBMITTED by EMPLOYEE,1
declaration 29504,Declaration SUBMITTED by EMPLOYEE,1
declaration 29442,Declaration SUBMITTED by EMPLOYEE,1
declaration 29345,Declaration SUBMITTED by EMPLOYEE,1
declaration 29317,Declaration SUBMITTED by EMPLOYEE,1
declaration 29263,Declaration SUBMITTED by EMPLOYEE,1
declaration 29107,Declaration SUBMITTED by EMPLOYEE,1
declaration 29068,Declaration SUBMITTED by EMPLOYEE,1
declaration 19449,Declaration SUBMITTED by EMPLOYEE,1
declaration 67518,Declaration SUBMITTED by EMPLOYEE,1
declaration 67377,Declaration SUBMITTED by EMPLOYEE,1
declaration 13618,Permit SUBMITTED by EMPLOYEE,1
declaration 13560,Declaration SUBMITTED by EMPLOYEE,1
declaration 13530,Declaration SUBMITTED by EMPLOYEE,1
declaration 13506,Declaration SUBMITTED by EMPLOYEE,1
declaration 13423,Declaration SUBMITTED by EMPLOYEE,1
declaration 68533,Declaration SUBMITTED by EMPLOYEE,1
declaration 68516,Declaration SUBMITTED by EMPLOYEE,1
declaration 68495,Declaration SUBMITTED by EMPLOYEE,1
declaration 68409,Declaration SUBMITTED by EMPLOYEE,1
declaration 68384,Declaration SUBMITTED by EMPLOYEE,1
declaration 68147,Declaration SUBMITTED by EMPLOYEE,1
declaration 68101,Declaration SUBMITTED by EMPLOYEE,1
declaration 67913,Declaration SUBMITTED by EMPLOYEE,1
declaration 67797,Declaration SUBMITTED by EMPLOYEE,1
declaration 67779,Declaration SUBMITTED by EMPLOYEE,1
declaration 67724,Declaration SUBMITTED by EMPLOYEE,1
declaration 69643,Declaration SUBMITTED by EMPLOYEE,1
declaration 69596,Declaration SUBMITTED by EMPLOYEE,1
declaration 69559,Declaration SUBMITTED by EMPLOYEE,1
declaration 69388,Declaration SUBMITTED by EMPLOYEE,1
declaration 69348,Declaration SUBMITTED by EMPLOYEE,1
declaration 69086,Declaration SUBMITTED by EMPLOYEE,1
declaration 69058,Declaration SUBMITTED by EMPLOYEE,1
declaration 68960,Declaration SUBMITTED by EMPLOYEE,1
declaration 68645,Declaration SUBMITTED by EMPLOYEE,1
declaration 68576,Declaration SUBMITTED by EMPLOYEE,1
declaration 14182,Declaration SUBMITTED by EMPLOYEE,1
declaration 14168,Declaration SUBMITTED by EMPLOYEE,1
declaration 14112,Declaration SUBMITTED by EMPLOYEE,1
declaration 13958,Declaration SUBMITTED by EMPLOYEE,1
declaration 13899,Declaration SUBMITTED by EMPLOYEE,1
declaration 13719,Declaration SUBMITTED by EMPLOYEE,1
declaration 19290,Declaration SUBMITTED by EMPLOYEE,1
declaration 1924,Declaration SUBMITTED by EMPLOYEE,1
declaration 19153,Permit SUBMITTED by EMPLOYEE,1
declaration 19063,Declaration SUBMITTED by EMPLOYEE,1
declaration 19036,Declaration SUBMITTED by EMPLOYEE,1
declaration 18871,Declaration SUBMITTED by EMPLOYEE,1
declaration 1886,Send Reminder,1
declaration 18690,Declaration SUBMITTED by EMPLOYEE,1
declaration 18688,Declaration SUBMITTED by EMPLOYEE,1
declaration 29027,Declaration SUBMITTED by EMPLOYEE,1
declaration 28987,Declaration SUBMITTED by EMPLOYEE,1
declaration 28708,Permit SUBMITTED by EMPLOYEE,1
declaration 28651,Declaration SUBMITTED by EMPLOYEE,1
declaration 2858,Declaration SUBMITTED by EMPLOYEE,1
declaration 28579,Declaration SUBMITTED by EMPLOYEE,1
declaration 69720,Declaration SUBMITTED by EMPLOYEE,1
declaration 70742,Declaration SUBMITTED by EMPLOYEE,1
declaration 70614,Declaration SUBMITTED by EMPLOYEE,1
declaration 70552,Declaration SUBMITTED by EMPLOYEE,1
declaration 70485,Declaration SUBMITTED by EMPLOYEE,1
declaration 70461,Permit SUBMITTED by EMPLOYEE,1
declaration 70363,Declaration SUBMITTED by EMPLOYEE,1
declaration 70315,Declaration SUBMITTED by EMPLOYEE,1
declaration 70282,Declaration SUBMITTED by EMPLOYEE,1
declaration 70215,Declaration SUBMITTED by EMPLOYEE,1
declaration 70108,Declaration SUBMITTED by EMPLOYEE,1
declaration 70063,Declaration SUBMITTED by EMPLOYEE,1
declaration 69999,Declaration SUBMITTED by EMPLOYEE,1
declaration 69862,Permit SUBMITTED by EMPLOYEE,1
declaration 69849,Declaration SUBMITTED by EMPLOYEE,1
declaration 69787,Permit SUBMITTED by EMPLOYEE,1
declaration 69750,Declaration SUBMITTED by EMPLOYEE,1
declaration 70791,Declaration SUBMITTED by EMPLOYEE,1
declaration 70778,Declaration SUBMITTED by EMPLOYEE,1
declaration 70763,Declaration SUBMITTED by EMPLOYEE,1
declaration 13333,Permit SUBMITTED by EMPLOYEE,1
declaration 13321,Send Reminder,1
declaration 13132,Declaration SUBMITTED by EMPLOYEE,1
declaration 13117,Declaration SUBMITTED by EMPLOYEE,1
declaration 13005,Declaration SUBMITTED by EMPLOYEE,1
declaration 1300,Declaration SUBMITTED by EMPLOYEE,1
declaration 12988,Declaration SUBMITTED by EMPLOYEE,1
declaration 12962,Declaration SUBMITTED by EMPLOYEE,1
declaration 12927,Declaration SUBMITTED by EMPLOYEE,1
declaration 12887,Declaration SUBMITTED by EMPLOYEE,1
declaration 12852,Declaration SUBMITTED by EMPLOYEE,1
declaration 12814,Declaration SUBMITTED by EMPLOYEE,1
declaration 12777,Declaration SUBMITTED by EMPLOYEE,1
declaration 72209,Permit SUBMITTED by EMPLOYEE,1
declaration 71762,Declaration SUBMITTED by EMPLOYEE,1
declaration 7167,Declaration SUBMITTED by EMPLOYEE,1
declaration 71660,Declaration SUBMITTED by EMPLOYEE,1
declaration 71560,Declaration SUBMITTED by EMPLOYEE,1
declaration 71524,Declaration SUBMITTED by EMPLOYEE,1
declaration 7144,Declaration SUBMITTED by EMPLOYEE,1
declaration 71412,Declaration SUBMITTED by EMPLOYEE,1
declaration 71338,Declaration SUBMITTED by EMPLOYEE,1
declaration 71297,Declaration SUBMITTED by EMPLOYEE,1
declaration 71128,Declaration SUBMITTED by EMPLOYEE,1
declaration 71076,Declaration SUBMITTED by EMPLOYEE,1
declaration 71014,Declaration SUBMITTED by EMPLOYEE,1
declaration 71001,Declaration SUBMITTED by EMPLOYEE,1
declaration 70950,Declaration SUBMITTED by EMPLOYEE,1
declaration 70831,Declaration SUBMITTED by EMPLOYEE,1
declaration 7273,Declaration SUBMITTED by EMPLOYEE,1
declaration 28464,Declaration SUBMITTED by EMPLOYEE,1
declaration 28405,Declaration SUBMITTED by EMPLOYEE,1
declaration 28002,Declaration SUBMITTED by EMPLOYEE,1
declaration 27921,Declaration SUBMITTED by EMPLOYEE,1
declaration 27837,Declaration SUBMITTED by EMPLOYEE,1
declaration 27734,Declaration SUBMITTED by EMPLOYEE,1
declaration 27520,Declaration SUBMITTED by EMPLOYEE,1
declaration 27501,Declaration SUBMITTED by EMPLOYEE,1
declaration 27440,Declaration SUBMITTED by EMPLOYEE,1
declaration 27413,Declaration SUBMITTED by EMPLOYEE,1
declaration 27364,Declaration SUBMITTED by EMPLOYEE,1
declaration 27313,Declaration SUBMITTED by EMPLOYEE,1
declaration 72590,Declaration SUBMITTED by EMPLOYEE,1
declaration 72555,Declaration SUBMITTED by EMPLOYEE,1
declaration 7248,Declaration SUBMITTED by EMPLOYEE,1
declaration 19677,Permit SUBMITTED by EMPLOYEE,1
declaration 19661,Declaration SUBMITTED by EMPLOYEE,1
declaration 19607,Declaration SUBMITTED by EMPLOYEE,1
declaration 19578,Declaration SUBMITTED by EMPLOYEE,1
declaration 19531,Declaration SUBMITTED by EMPLOYEE,1
declaration 27100,Declaration SUBMITTED by EMPLOYEE,1
declaration 7342,Declaration SUBMITTED by EMPLOYEE,1
declaration 73310,Declaration SUBMITTED by EMPLOYEE,1
declaration 73194,Permit SUBMITTED by EMPLOYEE,1
declaration 73170,Declaration SUBMITTED by EMPLOYEE,1
declaration 73012,Permit SUBMITTED by EMPLOYEE,1
declaration 73010,Permit SUBMITTED by EMPLOYEE,1
declaration 72982,Declaration SUBMITTED by EMPLOYEE,1
declaration 72847,Permit SUBMITTED by EMPLOYEE,1
declaration 72797,Declaration SUBMITTED by EMPLOYEE,1
declaration 72783,Permit SUBMITTED by EMPLOYEE,1
declaration 26025,Declaration SUBMITTED by EMPLOYEE,1
declaration 25934,Declaration SUBMITTED by EMPLOYEE,1
declaration 25919,Declaration SUBMITTED by EMPLOYEE,1
declaration 25902,Declaration SUBMITTED by EMPLOYEE,1
declaration 25766,Declaration SUBMITTED by EMPLOYEE,1
declaration 74849,Permit SUBMITTED by EMPLOYEE,1
declaration 7445,Declaration SUBMITTED by EMPLOYEE,1
declaration 74120,Declaration SUBMITTED by EMPLOYEE,1
declaration 73856,Declaration SUBMITTED by EMPLOYEE,1
declaration 73705,Declaration SUBMITTED by EMPLOYEE,1
declaration 20165,Declaration SUBMITTED by EMPLOYEE,1
declaration 19962,Declaration SUBMITTED by EMPLOYEE,1
declaration 19859,Declaration SUBMITTED by EMPLOYEE,1
declaration 19816,Declaration SUBMITTED by EMPLOYEE,1
declaration 19790,Declaration SUBMITTED by EMPLOYEE,1
declaration 19704,Declaration SUBMITTED by EMPLOYEE,1
declaration 75744,Permit SUBMITTED by EMPLOYEE,1
declaration 75716,Permit SUBMITTED by EMPLOYEE,1
declaration 75668,Declaration SUBMITTED by EMPLOYEE,1
declaration 75653,Declaration SUBMITTED by EMPLOYEE,1
declaration 75391,Permit SUBMITTED by EMPLOYEE,1
declaration 75371,Permit SUBMITTED by EMPLOYEE,1
declaration 75289,Declaration SUBMITTED by EMPLOYEE,1
declaration 75213,Declaration SUBMITTED by EMPLOYEE,1
declaration 75016,Declaration SUBMITTED by EMPLOYEE,1
declaration 26799,Declaration SUBMITTED by EMPLOYEE,1
declaration 26413,Declaration SUBMITTED by EMPLOYEE,1
declaration 26380,Declaration SUBMITTED by EMPLOYEE,1
declaration 26302,Declaration SUBMITTED by EMPLOYEE,1
declaration 26267,Declaration SUBMITTED by EMPLOYEE,1
declaration 26168,Declaration SUBMITTED by EMPLOYEE,1
declaration 26078,Declaration SUBMITTED by EMPLOYEE,1
declaration 25161,Declaration SUBMITTED by EMPLOYEE,1
declaration 25146,Declaration SUBMITTED by EMPLOYEE,1
declaration 2512,Declaration SUBMITTED by EMPLOYEE,1
declaration 25107,Declaration SUBMITTED by EMPLOYEE,1
declaration 24842,Declaration SUBMITTED by EMPLOYEE,1
declaration 24688,Declaration SUBMITTED by EMPLOYEE,1
declaration 24675,Declaration SUBMITTED by EMPLOYEE,1
declaration 24523,Declaration SUBMITTED by EMPLOYEE,1
declaration 76519,Permit SUBMITTED by EMPLOYEE,1
declaration 76436,Declaration SUBMITTED by EMPLOYEE,1
declaration 76398,Declaration SUBMITTED by EMPLOYEE,1
declaration 76337,Declaration SUBMITTED by EMPLOYEE,1
declaration 76197,Declaration SUBMITTED by EMPLOYEE,1
declaration 76117,Declaration SUBMITTED by EMPLOYEE,1
declaration 75963,Permit SUBMITTED by EMPLOYEE,1
declaration 75888,Permit SUBMITTED by EMPLOYEE,1
declaration 78732,Send Reminder,1
declaration 78256,Declaration SUBMITTED by EMPLOYEE,1
declaration 78126,Permit SUBMITTED by EMPLOYEE,1
declaration 78124,Permit SUBMITTED by EMPLOYEE,1
declaration 77859,Declaration SUBMITTED by EMPLOYEE,1
declaration 77619,Declaration SUBMITTED by EMPLOYEE,1
declaration 77595,Declaration SUBMITTED by EMPLOYEE,1
declaration 77148,Declaration SUBMITTED by EMPLOYEE,1
declaration 77034,Declaration SUBMITTED by EMPLOYEE,1
declaration 77004,Declaration SUBMITTED by EMPLOYEE,1
declaration 76549,Declaration SUBMITTED by EMPLOYEE,1
declaration 25669,Declaration SUBMITTED by EMPLOYEE,1
declaration 25516,Declaration SUBMITTED by EMPLOYEE,1
declaration 25471,Declaration SUBMITTED by EMPLOYEE,1
declaration 25429,Declaration SUBMITTED by EMPLOYEE,1
declaration 25288,Declaration SUBMITTED by EMPLOYEE,1
declaration 24427,Declaration SUBMITTED by EMPLOYEE,1
declaration 24379,Declaration SUBMITTED by EMPLOYEE,1
declaration 24306,Declaration SUBMITTED by EMPLOYEE,1
declaration 24244,Declaration SUBMITTED by EMPLOYEE,1
declaration 24230,Declaration SUBMITTED by EMPLOYEE,1
declaration 24216,Declaration SUBMITTED by EMPLOYEE,1
declaration 24018,Declaration SUBMITTED by EMPLOYEE,1
declaration 23977,Declaration SUBMITTED by EMPLOYEE,1
declaration 23749,Declaration SUBMITTED by EMPLOYEE,1
declaration 23599,Declaration SUBMITTED by EMPLOYEE,1
declaration 23540,Declaration SUBMITTED by EMPLOYEE,1
declaration 23505,Declaration SUBMITTED by EMPLOYEE,1
declaration 79028,Send Reminder,1
declaration 79012,Send Reminder,1
declaration 78981,Declaration SUBMITTED by EMPLOYEE,1
declaration 78904,Declaration SUBMITTED by EMPLOYEE,1
declaration 81338,Permit SUBMITTED by EMPLOYEE,1
declaration 81263,Declaration SUBMITTED by EMPLOYEE,1
declaration 81252,Permit SUBMITTED by EMPLOYEE,1
declaration 81215,Declaration SUBMITTED by EMPLOYEE,1
declaration 81065,Permit SUBMITTED by EMPLOYEE,1
declaration 8100,Declaration SUBMITTED by EMPLOYEE,1
declaration 80946,Permit SUBMITTED by EMPLOYEE,1
declaration 80925,Declaration SUBMITTED by EMPLOYEE,1
declaration 80626,Declaration SUBMITTED by EMPLOYEE,1
declaration 80171,Declaration SUBMITTED by EMPLOYEE,1
declaration 79589,Declaration SUBMITTED by EMPLOYEE,1
declaration 79438,Declaration SUBMITTED by EMPLOYEE,1
declaration 79326,Send Reminder,1
declaration 79269,Declaration SUBMITTED by EMPLOYEE,1
declaration 79210,Declaration SUBMITTED by EMPLOYEE,1
declaration 79101,Declaration SUBMITTED by EMPLOYEE,1
declaration 11851,Declaration SUBMITTED by EMPLOYEE,1
declaration 23413,Declaration SUBMITTED by EMPLOYEE,1
declaration 23373,Declaration SUBMITTED by EMPLOYEE,1
declaration 23344,Declaration SUBMITTED by EMPLOYEE,1
declaration 23264,Declaration SUBMITTED by EMPLOYEE,1
declaration 23241,Declaration SUBMITTED by EMPLOYEE,1
declaration 23067,Declaration SUBMITTED by EMPLOYEE,1
declaration 23052,Declaration SUBMITTED by EMPLOYEE,1
declaration 23038,Declaration SUBMITTED by EMPLOYEE,1
declaration 23024,Declaration SUBMITTED by EMPLOYEE,1
declaration 22861,Declaration SUBMITTED by EMPLOYEE,1
declaration 22744,Declaration SUBMITTED by EMPLOYEE,1
declaration 22702,Declaration SUBMITTED by EMPLOYEE,1
declaration 22626,Declaration SUBMITTED by EMPLOYEE,1
declaration 22521,Permit SUBMITTED by EMPLOYEE,1
declaration 81552,Declaration SUBMITTED by EMPLOYEE,1
declaration 81974,Permit SUBMITTED by EMPLOYEE,1
declaration 81956,Declaration SUBMITTED by EMPLOYEE,1
declaration 81924,Declaration SUBMITTED by EMPLOYEE,1
declaration 81862,Declaration SUBMITTED by EMPLOYEE,1
declaration 8181,Declaration SUBMITTED by EMPLOYEE,1
declaration 12674,Declaration SUBMITTED by EMPLOYEE,1
declaration 12499,Declaration SUBMITTED by EMPLOYEE,1
declaration 12479,Declaration SUBMITTED by EMPLOYEE,1
declaration 12439,Declaration SUBMITTED by EMPLOYEE,1
declaration 12419,Declaration SUBMITTED by EMPLOYEE,1
declaration 12310,Declaration SUBMITTED by EMPLOYEE,1
declaration 12158,Permit SUBMITTED by EMPLOYEE,1
declaration 1214,Declaration SUBMITTED by EMPLOYEE,1
declaration 12126,Declaration SUBMITTED by EMPLOYEE,1
declaration 12110,Declaration SUBMITTED by EMPLOYEE,1
declaration 11960,Permit SUBMITTED by EMPLOYEE,1
declaration 2098,Declaration SUBMITTED by EMPLOYEE,1
declaration 2084,Declaration SUBMITTED by EMPLOYEE,1
declaration 20564,Declaration SUBMITTED by EMPLOYEE,1
declaration 20467,Declaration SUBMITTED by EMPLOYEE,1
declaration 20393,Declaration SUBMITTED by EMPLOYEE,1
declaration 20288,Declaration SUBMITTED by EMPLOYEE,1
declaration 20269,Declaration SUBMITTED by EMPLOYEE,1
declaration 20245,Declaration SUBMITTED by EMPLOYEE,1
declaration 2020,Declaration SUBMITTED by EMPLOYEE,1
declaration 22470,Declaration SUBMITTED by EMPLOYEE,1
declaration 22420,Declaration SUBMITTED by EMPLOYEE,1
declaration 82464,Declaration SUBMITTED by EMPLOYEE,1
declaration 82379,Declaration SUBMITTED by EMPLOYEE,1
declaration 82190,Permit SUBMITTED by EMPLOYEE,1
declaration 82149,Permit SUBMITTED by EMPLOYEE,1
declaration 8209,Declaration SUBMITTED by EMPLOYEE,1
declaration 22253,Declaration SUBMITTED by EMPLOYEE,1
declaration 22151,Declaration SUBMITTED by EMPLOYEE,1
declaration 21932,Declaration SUBMITTED by EMPLOYEE,1
declaration 21863,Declaration SUBMITTED by EMPLOYEE,1
declaration 2186,Declaration SUBMITTED by EMPLOYEE,1
declaration 21845,Declaration SUBMITTED by EMPLOYEE,1
declaration 21691,Declaration SUBMITTED by EMPLOYEE,1
declaration 21655,Declaration SUBMITTED by EMPLOYEE,1
declaration 21536,Declaration SUBMITTED by EMPLOYEE,1
declaration 21475,Declaration SUBMITTED by EMPLOYEE,1
declaration 83832,Permit SUBMITTED by EMPLOYEE,1
declaration 83626,Permit SUBMITTED by EMPLOYEE,1
declaration 8356,Declaration SUBMITTED by EMPLOYEE,1
declaration 83515,Permit SUBMITTED by EMPLOYEE,1
declaration 83236,Declaration SUBMITTED by EMPLOYEE,1
declaration 22496,Declaration SUBMITTED by EMPLOYEE,1
declaration 85580,Declaration SUBMITTED by EMPLOYEE,1
declaration 85413,Declaration SUBMITTED by EMPLOYEE,1
declaration 85244,Declaration SUBMITTED by EMPLOYEE,1
declaration 85118,Declaration SUBMITTED by EMPLOYEE,1
declaration 85052,Declaration SUBMITTED by EMPLOYEE,1
declaration 8502,Declaration SUBMITTED by EMPLOYEE,1
declaration 84803,Declaration SUBMITTED by EMPLOYEE,1
declaration 84790,Declaration SUBMITTED by EMPLOYEE,1
declaration 84596,Declaration SUBMITTED by EMPLOYEE,1
declaration 84524,Declaration SUBMITTED by EMPLOYEE,1
declaration 84271,Declaration SUBMITTED by EMPLOYEE,1
declaration 84085,Permit SUBMITTED by EMPLOYEE,1
declaration 84048,Send Reminder,1
declaration 83991,Declaration SUBMITTED by EMPLOYEE,1
declaration 22296,Declaration SUBMITTED by EMPLOYEE,1
declaration 22267,Declaration SUBMITTED by EMPLOYEE,1
declaration 86310,Declaration SUBMITTED by EMPLOYEE,1
declaration 10089,Declaration SUBMITTED by EMPLOYEE,1
declaration 9918,Declaration SUBMITTED by EMPLOYEE,1
declaration 11618,Declaration SUBMITTED by EMPLOYEE,1
declaration 11596,Declaration SUBMITTED by EMPLOYEE,1
declaration 11524,Declaration SUBMITTED by EMPLOYEE,1
declaration 11436,Declaration SUBMITTED by EMPLOYEE,1
declaration 11423,Declaration SUBMITTED by EMPLOYEE,1
declaration 11349,Declaration SUBMITTED by EMPLOYEE,1
declaration 11335,Declaration SUBMITTED by EMPLOYEE,1
declaration 1126,Send Reminder,1
declaration 11098,Declaration SUBMITTED by EMPLOYEE,1
declaration 10986,Permit SUBMITTED by EMPLOYEE,1
declaration 86162,Permit SUBMITTED by EMPLOYEE,1
declaration 86160,Permit SUBMITTED by EMPLOYEE,1
declaration 86025,Declaration SUBMITTED by EMPLOYEE,1
declaration 17234,Declaration SUBMITTED by EMPLOYEE,1
declaration 17020,Declaration SUBMITTED by EMPLOYEE,1
declaration 16985,Declaration SUBMITTED by EMPLOYEE,1
declaration 35633,Declaration SUBMITTED by EMPLOYEE,1
declaration 35598,Declaration SUBMITTED by EMPLOYEE,1
declaration 35526,Declaration SUBMITTED by EMPLOYEE,1
declaration 9061,Declaration SUBMITTED by EMPLOYEE,1
declaration 8994,Send Reminder,1
declaration 8918,Declaration SUBMITTED by EMPLOYEE,1
declaration 8731,Send Reminder,1
declaration 8721,Send Reminder,1
declaration 86547,Declaration SUBMITTED by EMPLOYEE,1
declaration 86497,Permit SUBMITTED by EMPLOYEE,1
declaration 86482,Declaration SUBMITTED by EMPLOYEE,1
declaration 86429,Permit SUBMITTED by EMPLOYEE,1
declaration 86351,Declaration SUBMITTED by EMPLOYEE,1
